user-id,password,chosen_country,favourite_country,actual_county
1,1,103,103,103
32295895,m02j7LjC,57,57,57
191440277,uMUl637p,1,1,1
99381898,MeblifKK,138,138,138
52239603,22NnjRSZ,136,136,136
126795202,FTd3uRFU,83,83,83
161752154,MaJGMnY6,114,114,114
95392304,V0pGh8QX,96,96,96
361130229,av2Zvd3c,59,59,59
97656837,49uo7hka,106,106,106
94357658,m5jynqF0,21,21,21
265163878,CHOJr2J0,7,7,7
404584921,BqUKLVUp,143,143,143
232134665,gS0GIQZg,41,41,41
319161899,on9GetLa,20,20,20
212322384,tSp2Lmlo,58,58,58
372384916,apPS6sCi,86,86,86
252598222,vN6ARWD6,34,34,34
57135485,KmPJAE5o,173,173,173
53419071,EpVHpZ5C,154,154,154
207741467,cmAZaTw6,101,101,101
50913323,JpXSPSsb,33,33,33
255877487,oo8T7e7X,164,164,164
111737005,Tt8rClFf,175,175,175
160244924,GLdBzNBX,16,16,16
269513543,WsaIB4wZ,7,7,7
78732850,Wry0IfCF,52,52,52
28921278,YYej1h1n,13,13,13
89309758,sA81nDyd,42,42,42
215445337,WyqY2oQq,88,88,88
111951666,7xuG1tTn,69,69,69
185676694,QjgRE8KH,102,102,102
350046869,WuIDmM9b,132,132,132
148421454,pN3p5C3e,2,2,2
84631168,OMQ1S7Xg,80,80,80
240229687,nR502Puw,151,151,151
310088312,ZzUErPSh,69,69,69
52910587,qFlDnTTa,60,60,60
88773523,YemWobni,2,2,2
194996653,8tWiJ3vS,17,17,17
228414817,jCOXNSj4,127,127,127
426356050,Yh8gQoNA,89,89,89
160508707,sulcD3vV,27,27,27
279885584,rccUkjbU,36,36,36
126991143,icXMBoT7,119,119,119
125201815,WkpqjTdB,97,97,97
324278037,mPfbJ24V,34,34,34
283722729,biRJa5v0,154,154,154
291177320,xPDVmvk7,67,67,67
356226477,hf3qu0Sc,96,96,96
272564457,F2eq8NX8,128,128,128
34794161,y31RGe45,70,70,70
268029995,D9zWgoQx,4,4,4
234053740,4izlriZ9,4,4,4
132558032,xKtPQk69,106,106,106
50699633,YNxQB3cu,153,153,153
314038685,iyMQcqNc,35,35,35
297180071,wGaha14g,152,152,152
314495447,8MxK1tzW,152,152,152
251686529,oo63PSkN,48,48,48
196068191,dwl8z4WG,79,79,79
55899236,nGmxatdh,111,111,111
58555615,UEd6EPgW,172,172,172
108683638,isOrgyp3,125,125,125
256125136,ScvOj8Z3,113,113,113
212673752,WfwAxK9w,64,64,64
81491769,DajfeC6C,132,132,132
168726098,qSfIHLuN,29,29,29
111037748,9O8OzGjR,20,20,20
303314317,6DdKtIfj,156,156,156
249796335,OXWuEhZu,106,106,106
295169956,XiMCpJIZ,90,90,90
158991094,Uo5a7C9F,129,129,129
268968901,cLRHqyhU,65,65,65
181695754,voMKxspd,90,90,90
37763513,kfrfFVl8,47,47,47
129660687,2x8xC9QV,155,155,155
50470117,EGiYCgCK,75,75,75
225555160,y31o8uTN,13,13,13
52937733,i4e5BL1Y,78,78,78
43985223,hyYYZJ64,98,98,98
28618077,bB54iKra,161,161,161
119547091,JKTBkKSQ,78,78,78
48230277,13W2pEmf,111,111,111
163793889,ONloPKwc,126,126,126
208857501,cMHI3jD1,135,135,135
148452455,Tj9epArs,18,18,18
166305953,1ydoPAfQ,143,143,143
97034316,zUwCu4tb,137,137,137
277583465,F7daLFvW,72,72,72
124893332,RbSddpDX,150,150,150
45782571,VR17YGcJ,174,174,174
124548661,OBuYVfGJ,69,69,69
105629660,s2mb5ueu,168,168,168
74243651,GZgNvN8d,123,123,123
358794309,RONdeCDh,94,94,94
57191859,Tko9sZsu,134,134,134
385545403,o0rbISyU,168,168,168
374252684,xqohNyJx,2,2,2
76110331,weKX9M5r,3,3,3
232675006,pK9ib2Fc,113,113,113
25850920,jgXqlldi,102,102,102
78245093,jZKjzcRW,79,79,79
170369956,oxRooRXu,140,140,140
52636460,jllOeRX7,173,173,173
41842314,T7yCtgvY,152,152,152
73955660,72V9d5Zx,63,63,63
50347961,N59kQfqI,107,107,107
80745185,icb6gcfu,127,127,127
46549335,Zl2F0jH4,9,9,9
112684158,JQypCRm8,94,94,94
125895011,IvkztqjV,136,136,136
22264497,Yw7YGIP3,45,45,45
283019679,E8NbT0C3,47,47,47
21374734,keBT6d2w,144,144,144
56461813,rKjIbd6G,20,20,20
247301893,UWL6C4bi,174,174,174
389794066,VBaO2OQc,71,71,71
163165565,ytOWD971,127,127,127
294650985,JMjjwx5P,145,145,145
190383770,1gGE3C8o,95,95,95
223701990,u2W25u9H,91,91,91
58756635,LPUyO9C1,58,58,58
163227608,PFBm1QkJ,179,179,179
178802953,bcR9aFFK,32,32,32
102345308,rHyVNXsE,1,1,1
37293742,rVpcTS2G,89,89,89
192554988,WCe2LDZW,18,18,18
41302662,OIZmdHbJ,78,78,78
186461087,kDLxfQDU,3,3,3
30336217,vIRcfIc8,66,66,66
311507891,LhDbsvFf,44,44,44
350145076,WmGGEot1,10,10,10
93494878,0UKGhIZL,82,82,82
184868416,WIxqYlWa,21,21,21
184600544,PzBKdhp9,176,176,176
282689230,wOL6B0Cd,118,118,118
48037176,sX6WWOlV,91,91,91
88535066,fuXALHRg,48,48,48
256721418,SiyfJwaw,88,88,88
153497299,fm7tKE7p,26,26,26
111598793,FGDoWnvp,165,165,165
338987977,GzRAF8En,0,0,0
37251031,xEiLiieL,1,1,1
152017239,RyctDp6g,18,18,18
138507733,6V1Q7lph,116,116,116
94921530,Dk48341X,176,176,176
52788640,bg4V8yJI,56,56,56
309377087,SMxYjgfW,56,56,56
116867547,v9gLJVzV,82,82,82
118254331,nseZSO4m,52,52,52
110096860,Hze65LxE,27,27,27
250643894,4aYHhigh,82,82,82
77695039,OL1VeaLz,39,39,39
49500404,zBBNsOd8,158,158,158
309563555,JYw2t7s4,0,0,0
116863408,Dj93WUqS,138,138,138
28879582,3OEzXLr5,146,146,146
173500626,p7AchNN6,63,63,63
330782988,4rzMvLe9,70,70,70
206104123,OiumMvCO,106,106,106
30005730,G1gnbhQD,128,128,128
64935178,47wRNxCF,41,41,41
29796665,MUp1nGoK,0,0,0
293459316,VqAt6Ffw,17,17,17
93978793,RvOgOFK4,153,153,153
285602993,ueZKZB62,20,20,20
307454811,UcRgiFSL,110,110,110
213422600,jLY4xlDW,146,146,146
41158916,ZOYyZ3D8,179,179,179
174408936,43nWOzR7,179,179,179
314451501,8KH6NL0y,15,15,15
66861083,s17uM04I,19,19,19
38319749,u7x3TmXk,168,168,168
46993009,6RekpFqO,33,33,33
210710604,vwI7nznY,149,149,149
129038281,YMKGFZP2,37,37,37
109511265,iD9WBycp,115,115,115
141213687,03Ylr2rU,147,147,147
164875063,VTrWYWVE,151,151,151
206077723,ZX42CipG,146,146,146
236056594,aCT81M3Q,77,77,77
113824001,1d4dlBzw,18,18,18
62622394,UHWqZIzq,38,38,38
149737126,GQmvzcQD,10,10,10
254214425,DzcYp00N,35,35,35
223454110,d0xuF9Fn,107,107,107
58995592,ySKcOkPP,91,91,91
76550508,ijhdmOAk,133,133,133
45830932,YljV3hQa,95,95,95
36566959,gQU4HqEJ,13,13,13
56293543,eJ3doT7b,28,28,28
186396537,0ViHpfQ0,0,0,0
191528548,7PFl19dB,167,167,167
167568193,Tq3RmKip,76,76,76
96115446,aCP5OjnQ,168,168,168
66680359,tixfuE6Q,60,60,60
96080799,DGQpgAcM,86,86,86
61859882,dUwBuv9H,169,169,169
19403792,nfjY9AOm,59,59,59
411942945,JBxPVjGU,43,43,43
225789591,s9Dzsnzg,62,62,62
65052011,As1obmCP,83,83,83
144030100,0AdDXvaZ,160,160,160
199940110,UFoL8lf7,63,63,63
326177846,BxBUKRsi,55,55,55
157798718,gP1qYeQO,47,47,47
221652652,QPEDlE60,147,147,147
361472932,8kKG32LR,176,176,176
329530317,REO3Neqf,24,24,24
158130580,x9TqcuCR,23,23,23
200189353,zKj0yxcR,34,34,34
41242649,7ZaFbhBU,116,116,116
277760459,8dfAjyrq,2,2,2
112772123,mIdQZICy,133,133,133
38667407,qwoDKMWh,14,14,14
167542540,qEEA6MGQ,147,147,147
79370763,K3iq1O9B,141,141,141
35164906,tdIHhT9A,109,109,109
66424977,fd6HtOhQ,50,50,50
124430694,a1Fy5ecS,50,50,50
36337870,J8D0X1XN,110,110,110
41686753,Zmh2q8ve,86,86,86
213018568,eWfLZzNq,2,2,2
182109949,tSWVMWLB,22,22,22
78080743,c5fH1DTS,63,63,63
42774199,U6ceogh9,64,64,64
29621671,iB2i2TCs,30,30,30
115751032,wC4xlX4h,36,36,36
44826413,XQawzDCT,143,143,143
47099999,Y8YqKUP0,5,5,5
276921839,rcmUXxZQ,3,3,3
193085337,nuUJ7tJn,46,46,46
84489293,w76lfwtF,103,103,103
173459964,Nzy85ZWR,17,17,17
23675597,2QDwA4dg,37,37,37
228821798,IjbAydRG,137,137,137
217282242,ci1jvUAb,128,128,128
371874313,s3PNVRsF,111,111,111
233562103,BBBquBjf,34,34,34
39738114,Duf71tVo,129,129,129
55148515,o37C4HXC,116,116,116
22634429,8do63zf3,70,70,70
114104699,8XBwEb0C,76,76,76
327831039,WVX9U3xV,69,69,69
74839141,bD5q24O9,155,155,155
46225820,6c7ia1bZ,82,82,82
191211089,Hj2BxDAx,138,138,138
60090814,qNsFhfY3,19,19,19
110992838,TnMklK7v,75,75,75
57266928,JiWCrr3h,89,89,89
105875448,4JED3w5l,32,32,32
62977888,SOzrvBbi,136,136,136
187800127,0ag02RqC,27,27,27
37480447,omrDvjb8,15,15,15
120460637,ByDhZQhv,35,35,35
278688247,b79LGgQQ,18,18,18
163591091,yuZZVbWW,7,7,7
115282436,9xIZrM1G,41,41,41
25209054,4eG1WqeR,178,178,178
35859314,U9E80mPg,31,31,31
51449340,Cq1RqrHr,98,98,98
140560360,MqwN5qdh,156,156,156
37210462,eyb5NhBl,35,35,35
187280762,ISMF8WAY,50,50,50
62591458,ErK1P9ix,166,166,166
230623551,IcDsNlpQ,164,164,164
261816444,5ZH2EJLz,100,100,100
43460933,158n8xSo,141,141,141
71024796,TLKBfMGR,80,80,80
184104095,PjFeboeX,143,143,143
48056150,IzkGHgm9,61,61,61
59235703,6U36NTuW,126,126,126
320031366,SfXorVNd,149,149,149
22862691,fL1mHXUa,173,173,173
174194590,na4S2RZA,26,26,26
165742712,KFEO6bzY,16,16,16
35520712,xFbRipPB,58,58,58
86188406,vNzqrR65,7,7,7
156080932,Hbpns8za,137,137,137
230607496,oWBZYvdj,67,67,67
209732791,z17dwDLH,134,134,134
293019998,dC6Kn0lP,119,119,119
102766864,62HswCZm,118,118,118
289570982,cld3hPO9,80,80,80
132967949,AG8NG9YO,107,107,107
231947794,00WWz8uX,156,156,156
257279776,e8IIE4bl,3,3,3
223078290,2HRozbbD,138,138,138
132144474,421MuAXn,72,72,72
76737787,jRlKxo4g,33,33,33
118577463,sEsZZvbK,52,52,52
50895937,PAGepQCd,129,129,129
50070799,Gp1bKYa7,141,141,141
144930540,9DiOUWM0,120,120,120
331759172,uyMmJPD8,15,15,15
172995825,VJortg6J,13,13,13
23699368,P6n2Anju,146,146,146
368678005,B9p4gGU3,161,161,161
59459031,KNuHk37s,123,123,123
65380812,2DiPtOO2,163,163,163
82171379,e2o23bkq,50,50,50
278935611,H8IFpgdv,67,67,67
43687608,cvcmgoUb,154,154,154
52584974,5TYCxa9d,64,64,64
200885871,nleruhVK,8,8,8
374120687,0AomjT4x,152,152,152
267190923,2IKkMLoJ,164,164,164
122608357,SJRuzNRG,31,31,31
251329117,HbMtW28p,102,102,102
40043592,buQClzUK,67,67,67
226460207,5C86rPO9,58,58,58
231880443,chV0dhxP,106,106,106
155883382,OpNGmvry,140,140,140
149677186,8o3245CB,32,32,32
292294915,9zdyOw40,56,56,56
263353233,DQwFBiPr,147,147,147
282430719,RkpOEWYu,85,85,85
39625853,QIF3c6nF,85,85,85
219447418,b3U7VPAR,151,151,151
327463126,WHayuaXS,32,32,32
210039488,eL9phKYG,147,147,147
199887315,icpk4QFs,15,15,15
223510610,i4Z5UpSN,115,115,115
402842827,aEh7QzDd,161,161,161
290642689,tJWhgbuB,6,6,6
46826487,DfnYXR0e,156,156,156
12857182,YME2um6K,110,110,110
347396669,SRlXLsty,177,177,177
229694015,w4iofTpm,179,179,179
35374269,sJtbvx1m,80,80,80
391506819,BNpDVgMO,97,97,97
396653087,nUoOaXao,114,114,114
30412394,uUAcHclg,162,162,162
41033660,RiJZ7EOL,15,15,15
107430818,FUDTKIXi,161,161,161
184748107,oGaxAIrU,68,68,68
312471753,sn2SKmaQ,85,85,85
93401297,isDwtA4F,155,155,155
200870207,2VDDpbCd,132,132,132
217907790,vLqHGLUO,48,48,48
156618960,bF03GikO,87,87,87
231840693,MqJTclXb,67,67,67
311733558,RbOLZOOp,131,131,131
304270289,51YQGL9T,88,88,88
198709194,Kqhh70bi,29,29,29
353127637,iusw6v0O,31,31,31
67689043,w1X9iw6t,45,45,45
26048587,PrqQKeJC,77,77,77
398405331,TCJ5GMnY,98,98,98
128117928,BetCWybo,1,1,1
59300012,MirM4MA8,50,50,50
195677484,G5zCuPKS,50,50,50
280240790,N5jvO2Em,27,27,27
109051671,NXKcr8KF,29,29,29
151676338,jK04PmER,2,2,2
247894940,2FUXOVFW,142,142,142
87278168,Bs8yMJ2q,114,114,114
411068927,xK42TB7e,16,16,16
45551707,yJ6ugHSd,47,47,47
260186371,wyh494Qd,106,106,106
79557927,Rhf1h2qY,102,102,102
81734235,eIS4NjhY,149,149,149
71277650,zFPJB1XT,83,83,83
82383074,xe6U6oBL,44,44,44
114721947,fQraU17Y,95,95,95
59313394,prboemKv,173,173,173
281416109,BgoGQBK1,92,92,92
362431807,66hmU6lX,93,93,93
306095189,9jOynX3q,150,150,150
73938778,U5ECqo7U,63,63,63
251374300,dUI5zcPL,40,40,40
221847894,B0vvA2OW,40,40,40
322658895,6u2tG61t,79,79,79
95795358,psllkwji,54,54,54
155267479,usITDYSt,7,7,7
248413301,VIdzsGA5,60,60,60
323135593,3q6Pvvic,46,46,46
109745483,sPQ5zraz,159,159,159
54224375,FeElZBF7,179,179,179
54466209,Zs9skZZl,55,55,55
124769865,yPi2IDxo,30,30,30
40293453,zEaD5Oqp,72,72,72
31713370,1rtapJon,98,98,98
80368936,SvFSlgUU,110,110,110
343526471,BKFeIwKl,155,155,155
160689658,w1bjMddp,3,3,3
93285429,ridqQMyO,154,154,154
315701800,wsxlboT7,173,173,173
210650161,a5hWDnym,50,50,50
70107971,yxRecZ9K,44,44,44
126230456,5uF3vIaY,129,129,129
221494545,agtddJSm,25,25,25
247293591,8MeVykZr,14,14,14
231820419,HmKZBJ9O,9,9,9
161095772,cxsa8fYI,39,39,39
163999674,xIY2ihI2,18,18,18
224811713,fqRf1s5T,175,175,175
127883172,OtBNIFmT,86,86,86
88349702,hKTI4mAe,3,3,3
68097794,nQ2SqDBH,138,138,138
97346277,gzQ38Zkl,126,126,126
239613467,tiZ6bMDa,137,137,137
171376293,U8GeKc0f,147,147,147
369743572,vPplH9v5,137,137,137
164029728,GLMMqfBf,47,47,47
261822816,mIP88vYA,34,34,34
70680473,EULG1tai,175,175,175
345487067,3FFRqal8,14,14,14
296380808,JKxlRNHt,42,42,42
20194149,teRTGa8q,42,42,42
162050513,u7uTDOwW,171,171,171
279665474,1Tdejakz,79,79,79
400528179,qr2OSM6D,175,175,175
32818078,zifhzio1,80,80,80
50797566,wxKQ1LR6,160,160,160
156806835,S8TKaqTi,8,8,8
19610711,6OI6FOsT,67,67,67
201065570,XeLKrRku,153,153,153
47072502,zM66brFc,168,168,168
61415064,XlanvRWd,91,91,91
19632584,4TvuyiQC,151,151,151
128590338,rnHkuMyw,168,168,168
99895400,sk2M7DnO,98,98,98
36386717,G35bSmT4,174,174,174
35667863,ky1bKK4N,166,166,166
128123956,APeref0D,95,95,95
312822309,2NEGHJy1,1,1,1
377670722,ort5ATcw,114,114,114
323413118,r978vREA,151,151,151
234133917,biWTZTnM,176,176,176
202095820,HrhTyTay,134,134,134
64453748,Noyho5rC,136,136,136
57640801,53iGZoma,2,2,2
117214966,UaaO6dny,2,2,2
229789148,UKAlIaU2,38,38,38
99553941,j5uJWO6o,104,104,104
411042439,aWUZ4Phz,13,13,13
269373399,yNV3JE1A,77,77,77
321470380,YnDo9LPh,178,178,178
54013595,19X0MTqj,57,57,57
124381756,pCZYszDe,25,25,25
114456085,OpZuCARE,58,58,58
381141376,JpjnSGzn,37,37,37
228799420,ewpylyr2,18,18,18
339392331,pTSiPUo2,75,75,75
54925363,FYJ4mXYZ,91,91,91
47767246,6KI31YIV,170,170,170
62783020,jUGmprif,63,63,63
124211157,NQe6VIUK,36,36,36
137771909,a9L56Bbx,116,116,116
120868738,4xWKU8qK,167,167,167
10845582,kufz84n5,138,138,138
233325888,Z8ENRY0C,21,21,21
210677407,Gz0MZmUg,67,67,67
194930813,pBrLzkjI,134,134,134
26580377,Ot7c6HDV,4,4,4
287367664,RqtspIbd,4,4,4
59880260,r2gheegf,38,38,38
111240303,MD74mlcM,110,110,110
120795585,ni6WBhz9,139,139,139
136267237,evW6epkH,3,3,3
128588365,2XEPpgE1,43,43,43
128742933,4PfvK8uU,154,154,154
109766903,pAhStF5z,170,170,170
111741424,sL1YCjLI,93,93,93
240036838,bpThF54t,44,44,44
344950673,DRRxqBZS,100,100,100
308717086,7ezi3S9H,130,130,130
401660080,0zf5zREI,144,144,144
100083009,PBYKR1xO,93,93,93
343000683,09c7tPPU,105,105,105
20711469,JeqxbDms,52,52,52
114180311,XNBwOvpW,80,80,80
109636054,9L0NhBZA,107,107,107
86966929,PKdMEA4j,151,151,151
78990474,6cEiQLvs,56,56,56
103890176,QzbKrUUM,145,145,145
130732370,n8TFe3hp,171,171,171
143489353,kFKezobd,92,92,92
132507620,ZQHuEdAp,29,29,29
265554355,mlLnCqtd,124,124,124
355264753,cEgWcCSy,140,140,140
157871173,va6oUBCt,10,10,10
103019788,N5lby7TV,133,133,133
39978153,OoxicSHh,162,162,162
239410602,OEEqftOx,172,172,172
43737212,bIzqy7CW,42,42,42
69958932,8mGZPzEN,44,44,44
174383158,hbf90zCt,9,9,9
295461655,men2FCvv,99,99,99
260268494,hCi76xTt,45,45,45
37230936,m2I8Ranc,110,110,110
116198781,CAZSxwex,65,65,65
155241798,hrSvziQJ,103,103,103
157765477,y80UClDy,113,113,113
194688971,XSZtQvho,93,93,93
113940997,nl6KvtM9,115,115,115
241680317,USGU67KU,55,55,55
257720126,e8ExV2h2,77,77,77
58937384,UxVVJNDC,30,30,30
151419708,y03jzuv2,58,58,58
260956494,1d2JJo0X,156,156,156
288963669,Flw2GBGH,5,5,5
215617830,ps1dnNqw,155,155,155
306039968,vlZZMpZS,177,177,177
298736369,WwM2SEPr,92,92,92
338705322,wLGqEEwH,44,44,44
19694777,lWNgQ8vc,133,133,133
200102117,tKnA1d9N,113,113,113
232628923,dD7oRH3k,147,147,147
29777543,fEZ87Fmi,65,65,65
21615780,wkKmNeh3,0,0,0
96787900,eYgcS21U,96,96,96
83787759,CiT5EhUQ,154,154,154
57480164,KWwmFPOp,28,28,28
116671687,7Z7ft0Dq,59,59,59
75052694,1kxYmXuW,56,56,56
60208064,3VhRtPt7,129,129,129
88640416,CzWqnW0D,124,124,124
57884978,QDpekHxn,143,143,143
259687053,Yj8x3eX7,166,166,166
30538598,tSNaVBdI,135,135,135
292345525,dcUh5rX0,151,151,151
176893886,hwZVaKgd,155,155,155
237315940,v2CC9lbw,46,46,46
75700554,lIpNW6lN,171,171,171
28968373,lpiizMOr,104,104,104
28304633,7ijJROlW,154,154,154
123070676,JOz4O3gb,43,43,43
147913579,v8rZA6vP,154,154,154
225941174,fPwLo4pA,36,36,36
101845567,u7pqOJUa,135,135,135
178567014,9x3kY9rf,157,157,157
283199429,FFm0Tqg6,142,142,142
33361309,nC970MQi,12,12,12
115730516,RB8IvKQy,69,69,69
77925613,u8MKyE59,172,172,172
111347306,35b9z52z,153,153,153
228064768,BtJ7Trbz,176,176,176
64982443,UYVC9xBN,89,89,89
42751350,jcgE0PTV,98,98,98
150929315,8RKTyPbm,33,33,33
75037568,q2W9amyJ,157,157,157
47387447,ae47va98,119,119,119
187594047,fF5mJfbT,24,24,24
66865501,DjJXjZb0,67,67,67
321584311,LEvaD0pg,121,121,121
222951369,NEyA3Xhs,42,42,42
206474299,l2qdiikw,99,99,99
366263131,aomUkcOu,70,70,70
49647708,qH2vIHKV,115,115,115
355146227,dEhrrbNI,144,144,144
233205542,FvPeTKaw,68,68,68
19102026,2xyYwplD,81,81,81
266057464,2VJRdTBf,130,130,130
89251903,hFm6rPDJ,126,126,126
84201301,U0AR0Bed,105,105,105
167025084,aH0kzzd5,5,5,5
47891781,hcLAYMu1,41,41,41
152209164,K9584KOH,177,177,177
314319036,Tg89vfm8,91,91,91
278695868,jud4kp7J,137,137,137
219137572,6yIoCqX5,162,162,162
89070106,GFcMQPXe,147,147,147
279354275,9Ip3CYGJ,141,141,141
231001318,rmJOPHyN,2,2,2
225888187,ndYrQQQD,157,157,157
202326443,soxeBRZ1,62,62,62
22555525,Br5Vh3NC,117,117,117
289054736,QzdK1XF1,142,142,142
29313174,rjMmzgkg,82,82,82
274801629,Y0AmtOcz,34,34,34
36637543,rdZFXFWl,117,117,117
87491176,fFiXdVSh,171,171,171
229665764,KLE70jel,92,92,92
184584559,ICCQB5j5,39,39,39
264645935,BZhLt8hw,42,42,42
253137957,sWHsj072,145,145,145
40706028,1utWujoE,68,68,68
287430193,WPdnKPlJ,133,133,133
35143802,6xcLb4hC,102,102,102
136250897,7RKDwH1k,157,157,157
95666283,NXVsHNK0,10,10,10
336292294,0Yjrfk0I,51,51,51
133496592,JBHPnzOK,104,104,104
137434972,qd2pMnpI,121,121,121
64427396,y5V4jt2O,102,102,102
129785832,gtfD5shX,51,51,51
258038057,GJTWQLje,119,119,119
226942395,uWIuEGlZ,117,117,117
362138512,Vn5g4GK9,112,112,112
165642629,kuT6aQ8e,83,83,83
126409212,bkdOj1fJ,21,21,21
163985516,zK9Wl4fx,124,124,124
247116577,3dII6bGi,136,136,136
101047907,2IPIHHbC,5,5,5
164951353,68MzXxVP,73,73,73
25956442,3QIFRGkC,96,96,96
259861614,TFFtxYdl,62,62,62
171109983,mQk9LrYJ,116,116,116
31640711,soLb5OwS,24,24,24
398333694,Efx9nGEB,24,24,24
353530617,mTDr2VuY,158,158,158
135710830,csTQ6RcD,165,165,165
177383153,pSUSJ17p,121,121,121
322192383,6TWRwRzf,80,80,80
102247636,BIRiW12u,179,179,179
160198308,xuDf6HMP,131,131,131
170347042,3wC4QQRQ,99,99,99
36722887,JXdbxbNy,171,171,171
83977270,elMiYjRR,124,124,124
67057254,Kxroh8hv,165,165,165
156144741,rbAG6hwh,113,113,113
30752336,ZprtBbSW,12,12,12
134926949,jZTC6Cgi,174,174,174
33902110,OGSBdELs,179,179,179
182500175,Yj0MZMJM,169,169,169
86185464,ulxcfHWu,20,20,20
304908393,zuTzLLBe,172,172,172
123287650,NWDaPNB4,90,90,90
350695995,n5NVA5Nk,58,58,58
58008662,39aaKd7L,158,158,158
368170276,Ji6i3Hns,133,133,133
298694250,QZlQHSmD,60,60,60
178210760,Q1mqgnGc,19,19,19
242087927,JNgi9toO,164,164,164
90080664,WeEXgThJ,136,136,136
64151663,NblMcsXg,8,8,8
244657622,tJKPg3lj,50,50,50
232488136,zLcXj5e2,73,73,73
99081657,p8tapUyi,122,122,122
117590704,z59shIFo,122,122,122
177479049,BCrNLTVo,4,4,4
212151411,Bt38TbwL,8,8,8
50670000,tD3XLXQ5,41,41,41
226669022,cv8gg30M,84,84,84
74185201,rvlmoKT0,40,40,40
177633647,9YS9oAjI,17,17,17
98437489,z9NiLwH0,34,34,34
331449940,yhKM8Unf,45,45,45
227655241,bpSiRxgv,153,153,153
68420199,QYkzrmQp,168,168,168
47131410,3u1sxjaq,22,22,22
233826411,inaRaxuk,2,2,2
386730842,5PBvyWG4,137,137,137
201717398,AqGyEVwF,108,108,108
216278918,ZjpbOWgO,172,172,172
109418992,9OBFfevC,85,85,85
161522346,KbbgfTWa,32,32,32
417476978,SMmrZSZy,96,96,96
189724220,eB5YYnVi,80,80,80
120171092,4cl20wJ3,129,129,129
339067619,gYF4bk9o,15,15,15
69485440,QBgWXEbk,13,13,13
189306775,MRvvIoa7,71,71,71
238856320,R6X52JJ8,53,53,53
262803346,YSK9PwSR,171,171,171
129587370,NwwoavPE,95,95,95
133837970,azKc537N,30,30,30
35922051,EihpPqRh,90,90,90
180728954,uNtxLsDq,20,20,20
102317167,KMeRakI9,47,47,47
16566714,nhdMyUJu,30,30,30
62234232,aXqgAH2V,86,86,86
177548940,U79k6krK,177,177,177
20394114,z3aI5f51,109,109,109
84897874,4JXvBNQ2,172,172,172
258368492,W78jhStn,120,120,120
26113182,Li2yOyCO,163,163,163
21895023,5KYDj3wk,28,28,28
86028088,3h97GJVR,22,22,22
28071466,Ua7dSmvq,20,20,20
99588189,AyMVbDQn,40,40,40
269105428,bWxLBC83,126,126,126
227989396,C727EXAn,41,41,41
259393287,yszViWbn,121,121,121
96570314,ZsRexOL0,31,31,31
223010829,2NBw8Ixo,47,47,47
189313032,RN3K7e2v,98,98,98
160630305,hmoF6ohG,32,32,32
104441738,lNBZywHX,149,149,149
25230407,tgjFn3hK,70,70,70
184446085,AsLRopDS,152,152,152
170586246,Aje99bYb,47,47,47
269700603,iOHEDS94,100,100,100
218335658,VCryEp2Z,28,28,28
287150239,rmsHKnqV,97,97,97
238792441,Z2tFyyWY,155,155,155
236353384,4Au5DWxn,170,170,170
25197565,ABmwcU9X,140,140,140
364103303,FXETdoOa,26,26,26
33735562,6govcyi1,109,109,109
169826178,WsG04hNb,128,128,128
240889255,hnM8sCDG,91,91,91
245555020,MhR9Zg98,37,37,37
398356672,S2BFN6dt,85,85,85
43770555,M0l32nNz,95,95,95
19469341,ozaaogNi,124,124,124
25684466,ja2QQkv2,45,45,45
146160914,AMYgh2kl,86,86,86
275624086,Z0bPQX8l,8,8,8
79590829,lN5W9hkI,163,163,163
63545899,xQILmtUw,94,94,94
196811541,C8rnffTy,131,131,131
279108225,lFeqeeWt,50,50,50
259926926,IVqiZtu8,73,73,73
116809606,QUcKma3W,79,79,79
23401196,SdqdKTiN,43,43,43
173748291,ZcplKJcH,98,98,98
113833468,5Gs6OdOp,42,42,42
46731764,k00KkHOs,11,11,11
260893427,313mjhXJ,53,53,53
49503378,OnjrW3bp,0,0,0
96964373,3OR3ia2S,160,160,160
59598291,Relv5CR4,103,103,103
61143391,yNGyKhmx,147,147,147
235278696,d6fAhKJD,63,63,63
89779837,93L8vyag,95,95,95
37654332,Vwqhy8QQ,162,162,162
34789898,CoNGO8tE,27,27,27
15134850,qnU6fpCF,128,128,128
82982991,bg2u6cGN,132,132,132
162191550,oF2BVlrb,63,63,63
241529263,TnEDJof3,73,73,73
63897650,OHM7W9Em,55,55,55
300380373,XxnMpDCE,63,63,63
346190785,26t7egNr,119,119,119
41658654,4W3gG8TA,116,116,116
125405512,xWC0xsD7,92,92,92
180833774,XcreuRF3,10,10,10
95245000,q1Ci2MmO,165,165,165
12418412,KW0EzvQa,35,35,35
311416639,tjCZ3K15,37,37,37
114875378,Z5PQHGG3,158,158,158
137538886,RzePSSD9,179,179,179
135589131,oV05jAuH,30,30,30
223240065,tqE3dyvh,156,156,156
112010515,RrzXIQVk,71,71,71
58272428,PYN3oOuX,129,129,129
20916563,LYNu0V9a,161,161,161
303489406,f9Miul5J,133,133,133
409296312,s66AHSe9,178,178,178
72026032,uEiG8X0o,88,88,88
234947575,VqYKRZaI,124,124,124
244834777,5be5yxRc,146,146,146
102531923,Ty6z8zWP,156,156,156
61317565,nLUrhayg,97,97,97
174023968,sOZ81EIN,153,153,153
81232966,KstrnBuh,50,50,50
178156783,QcWh0BY6,133,133,133
160617360,qgySqdIK,157,157,157
181352331,Jx2HGMaN,16,16,16
74904350,CZf9cXBS,7,7,7
28765145,6CPABJC0,34,34,34
135510804,T9Oz4RZr,85,85,85
28428318,eUGWlvNj,34,34,34
234565264,Bvy0O97u,127,127,127
67750668,JzEBRgXH,85,85,85
63563107,V37j4gn4,44,44,44
79169833,WtF0jpLw,86,86,86
162508650,lqmRE27x,163,163,163
29523359,nVX6MAEn,126,126,126
48609900,lYt3Crcx,109,109,109
206727739,J7mS7U2E,12,12,12
105348899,O7gNlNRo,169,169,169
244883993,W5sbDJz2,84,84,84
348203176,DQUiXVQR,61,61,61
277636831,5IzHdACM,64,64,64
313933682,6prBp9tw,32,32,32
88194033,gHMlU7sD,106,106,106
75589927,uL1Je6ji,78,78,78
156718009,SyeomikX,48,48,48
322589713,NJ3CmVsU,85,85,85
188528219,wzVkqo74,134,134,134
79338563,7FVxYNm0,22,22,22
59488393,vADiNCKn,133,133,133
70973749,xLs4TeSb,129,129,129
162221542,yv4kUdxb,12,12,12
16079656,WYyNp5Ae,95,95,95
35273249,CvZhm9b6,129,129,129
63494655,hou1eYKN,95,95,95
167160636,BGFOSIg5,66,66,66
81237126,Td4PQYUV,68,68,68
19725596,lj2AANnc,39,39,39
99793024,6wfOmqhx,52,52,52
229861489,cmGBRohB,155,155,155
162129370,VUOmXofD,119,119,119
26838102,mNvLsA5Y,113,113,113
61008517,jxSfgsGT,60,60,60
358497433,2CCwitah,64,64,64
48003639,NmhMgzRT,102,102,102
213784055,LoVBw46J,94,94,94
10286042,eNFPoAk4,175,175,175
138786802,vJHONwkB,130,130,130
198586347,pDFClsKr,54,54,54
281194912,31MXYWUT,56,56,56
26271450,MX94onjW,89,89,89
217766551,liWawA3X,11,11,11
60181979,uT5m9Xpn,62,62,62
299880682,2wvkTIsQ,66,66,66
39139344,4k7V2pDN,11,11,11
80558187,NYMUO62a,43,43,43
386736379,ZDyFZ4Gf,68,68,68
57412650,Y7vhlhsT,117,117,117
144679008,uviLDkpP,145,145,145
44364197,fdJ0t5QC,178,178,178
278755711,N5KSsGLQ,13,13,13
140135037,GeGkMYiI,130,130,130
172060211,OhVtrLny,51,51,51
120438660,i7XnAqHT,16,16,16
47050652,Y1GuDaKr,30,30,30
340676954,ogYFrkZu,26,26,26
165637430,NnRrK60T,87,87,87
296758783,AxdMwfxm,122,122,122
238742653,qmlWXF0m,140,140,140
257719100,i7SRdmKd,179,179,179
49153422,2K1IGO94,84,84,84
76603801,LG1GviEb,160,160,160
147344638,vf90ZxmC,154,154,154
281077749,gIBBHMuO,96,96,96
131544907,CRFYUAEO,64,64,64
261437934,m0JqbTIM,61,61,61
281349364,VqOjKaaH,23,23,23
75050274,A4l4NWKq,125,125,125
242868181,X208cUOb,138,138,138
384461998,GyMqocwX,137,137,137
66349371,LmZz4srw,62,62,62
239716502,FvxB5oyg,127,127,127
201538116,7z5CQvaO,120,120,120
73560644,7a1EQIbu,72,72,72
42777938,efwdkczL,100,100,100
30042969,vUeieCec,106,106,106
238640789,mheh3gVq,91,91,91
168853315,xVD6RDLo,89,89,89
251027133,xDfi42oy,149,149,149
29757182,zjErAtxt,84,84,84
253110868,DxbgQER4,165,165,165
229981189,vPaGRHt8,140,140,140
229980401,K2aKmZsl,2,2,2
38551374,xNtkSTJ1,108,108,108
223394258,GATFriHp,90,90,90
58270115,dYFy3pQ1,100,100,100
320733374,YAiJsAvF,154,154,154
61870240,goBNgvSN,41,41,41
308671248,9Va8Fkq6,91,91,91
225051737,vQ6vC516,30,30,30
231595633,eTy4bLdm,45,45,45
127051162,OW9kbyex,14,14,14
164063446,yb9eSif0,99,99,99
69991372,cW5k8oWg,60,60,60
383467520,tAR6P5o3,104,104,104
257009972,qqGqBPzG,112,112,112
96691228,XVHjpNXL,24,24,24
14916058,XMiPSN3m,16,16,16
103141670,orWYdShP,89,89,89
300409221,U9cIeSoi,118,118,118
264840793,I3Lj8z6W,60,60,60
324584981,FHcDQcYy,47,47,47
332636965,0FHw8Rt2,71,71,71
122705805,NGUT6pFi,8,8,8
89107338,qWnQqLnr,96,96,96
135694772,1o6c8cvm,62,62,62
63195876,yMDtvdHO,137,137,137
23717054,3dtLGpER,108,108,108
344499088,s7RUBVsu,144,144,144
264713405,qEmzLCeU,166,166,166
99710988,QSzCjkm2,65,65,65
288743096,u2S5ZOiP,89,89,89
330302527,niUU7Z1W,144,144,144
30272188,lWZP36QU,47,47,47
92152449,u2RKEAHE,12,12,12
137289352,i5RSYZJ7,21,21,21
314649657,bV8gRQE2,12,12,12
189898369,VDdJkygp,9,9,9
256736080,3HdpV7c3,66,66,66
31934365,aiWrVca3,176,176,176
47305379,d4Q1CyPx,85,85,85
48922563,JwH4MFYF,66,66,66
89834311,PNNWbYee,92,92,92
245393528,44ycZNxn,85,85,85
75199077,1Z99Ms5v,156,156,156
250455044,AhSXGy4U,178,178,178
316782731,qnli1LZf,126,126,126
78621032,0jjEvmut,178,178,178
321019125,eOR6vJZq,55,55,55
54686765,eIXnkfjC,149,149,149
30605265,BKruAy0Y,77,77,77
230889088,MsYoP3zC,56,56,56
245459042,1cS7XKeM,75,75,75
106030460,oVtdgpN3,101,101,101
223027903,nL4v4DXv,168,168,168
241111961,WgyGRnfn,118,118,118
24163299,Oiq7X84j,139,139,139
62044293,YwHMcGDA,76,76,76
226183931,I994Ob4x,11,11,11
39895236,sYsD3oNB,103,103,103
161179939,Ze2TiZko,8,8,8
160596031,dBwIiDit,126,126,126
379282986,GOM3geaF,92,92,92
111280270,YYXzC2G4,55,55,55
18215790,Pvk7Ikjj,83,83,83
195773717,ioUf6xUO,104,104,104
78930045,oPlcT6Bw,117,117,117
327442142,xV7t72iH,168,168,168
63028320,jcbqt61W,68,68,68
405653647,vr0b1iI6,60,60,60
254749004,BzJQRLsN,127,127,127
110260012,LEZUi2Ml,106,106,106
221420224,CbBQ5Mt5,72,72,72
252411012,0mRbjuIz,162,162,162
217803915,KUU4Ocdg,175,175,175
305849207,EPXOMi3q,143,143,143
116929257,2mCyTywn,14,14,14
148073687,DEaHw2Z3,43,43,43
206148433,ovOBhiOx,85,85,85
59085872,rLvhjb9M,17,17,17
112781653,7EKatFQy,0,0,0
82096990,f0jrrYzB,4,4,4
44663381,ZPfauLQ4,141,141,141
68179695,6PXdhalj,73,73,73
13727362,4Rbe1AJh,63,63,63
74513669,qeO9456x,157,157,157
296877078,GwsrIcIk,40,40,40
43139131,odOm3N6h,6,6,6
272397011,v4YUkk4Q,60,60,60
203154355,Dzbnl3NN,171,171,171
169488228,XdnbCIEg,49,49,49
309549406,BNCo2S5s,163,163,163
291289200,tR1Uu8ga,111,111,111
101543012,f4D0YcbQ,145,145,145
36209319,wmqx7ee4,95,95,95
373123191,9tVSc6Fj,162,162,162
104063949,jYu8fFUH,152,152,152
22153328,7qbwVsTA,149,149,149
223101166,sYVBgjUM,21,21,21
66047282,5iZZLEmQ,116,116,116
220289445,7EShDStS,158,158,158
82470530,gplmKQyL,176,176,176
45486103,WGsrd567,119,119,119
234179545,vO6ilEeR,2,2,2
178638785,fEtCc9xn,95,95,95
187883170,oKAKTbEJ,5,5,5
91175218,DBiNy9dp,6,6,6
54087843,t1tZn4HS,122,122,122
190452269,BZVFbfj6,146,146,146
114705504,XZXAAe1H,112,112,112
50181895,5LHOKQNu,51,51,51
240911311,iQTz3uEh,103,103,103
50877900,jP531xVQ,31,31,31
327457383,Iinl9JIl,37,37,37
262061728,9xlqMVX7,92,92,92
392011963,UjnAL75u,32,32,32
41843739,YFV0bnqO,169,169,169
260004376,5r7P16Gv,94,94,94
85377914,vcWn1Afa,116,116,116
90903539,9a6c1z48,177,177,177
244221341,BxGd5lsC,43,43,43
183421859,4TnUTbey,94,94,94
54738504,O5jBMLg7,3,3,3
153566809,qp02nHcn,114,114,114
138771259,25nfrXsd,130,130,130
108311804,UWV9PzRI,46,46,46
215094100,trSKLdtb,112,112,112
64309586,PKEH1yzM,41,41,41
48865954,WMMtHBBS,100,100,100
349462361,dsuNGFxW,29,29,29
374293579,YG3T1OAb,52,52,52
144953954,3WhevBbZ,88,88,88
159571866,5LqaglpN,175,175,175
64020742,L7SATmU0,148,148,148
112368023,dQoMcyFx,166,166,166
127701314,7vlphikD,84,84,84
286977522,Pafq8eUN,115,115,115
177411866,z3ulIHZ2,176,176,176
281917744,n1UB77er,48,48,48
16701665,sh3ls6tE,28,28,28
109074109,OhEwfpeE,143,143,143
237836230,tRbr90iA,25,25,25
238650285,diZI5BNG,0,0,0
50870840,fDKYQii6,139,139,139
309763587,0f5KvjrG,78,78,78
120399081,4GYNZRSF,160,160,160
253207338,EEueTZoq,10,10,10
143843649,nYvb3b59,42,42,42
217797694,W95i4fcN,91,91,91
192245427,3vQddP1S,33,33,33
54626034,YZNryMOr,142,142,142
60971916,5DjJTbxb,26,26,26
58170197,Lf2hzoLq,11,11,11
156559265,IwZowqc7,67,67,67
66126528,zuFQH02s,73,73,73
110084920,PMFSruH9,143,143,143
99787269,NzpwFOhe,28,28,28
334782367,ksp9vtFK,26,26,26
183022393,YpRhM2jp,122,122,122
366940526,O8fAKFUP,94,94,94
271628010,EFdKYCUo,84,84,84
136967222,9UdwLje9,62,62,62
303151474,C9MQ53RR,43,43,43
248957242,hHN9fpV0,31,31,31
105973397,8I326fPd,51,51,51
142218866,zajquK2M,170,170,170
46612864,LJgdGK2N,86,86,86
130578856,XSkAC3NI,1,1,1
235547475,GhDB9F3a,139,139,139
279838004,ljrj31c8,77,77,77
98555084,Z5GFWLYZ,103,103,103
258073996,doUZUw4H,64,64,64
381050998,oYQANT6v,106,106,106
48378586,lDDIR1f3,102,102,102
344332072,LXNGP4WD,19,19,19
286343952,Rjc7VmFT,166,166,166
400383769,BS88payB,59,59,59
69338990,sTKJk2gy,126,126,126
46311088,8Ob65iI4,10,10,10
199724320,z3seizQ4,40,40,40
117807062,Dm3WWqyZ,10,10,10
212575946,Rg7YqmSa,43,43,43
33531410,hAyJ4nPX,4,4,4
60046553,GfsIn6B0,174,174,174
23573258,u0WieJp8,65,65,65
53633605,9zEpQutK,23,23,23
66858920,D9XyymbC,104,104,104
123975966,mGbAvch9,155,155,155
287944529,kkrX1jMK,166,166,166
156509467,DONcILGG,23,23,23
147772504,OmaISvnD,161,161,161
105966721,QjZS6o6w,6,6,6
163250750,KbcdeSUa,78,78,78
337903702,83fpP69G,29,29,29
201120543,WZj0i37r,108,108,108
247622810,hqI6Pdhh,117,117,117
230496411,0hm1hPGv,83,83,83
396023177,XfODXonw,135,135,135
59280013,7LThazUx,137,137,137
221213443,73yWo4Of,155,155,155
16854676,LuBuDVhr,148,148,148
47670270,jwz8mSnC,131,131,131
170369523,FmHZsRqT,134,134,134
128896131,n532NCfK,91,91,91
112359238,3BFIsdAC,84,84,84
114515953,R9EhyA8w,162,162,162
40660772,d7gg3u5k,165,165,165
102419044,E3wM4Ybk,157,157,157
90082035,K9eXIujz,31,31,31
342050478,GPfFYGtm,96,96,96
274651478,ANiMw3DT,65,65,65
119062593,14YxMaP4,7,7,7
351344918,WdOfW4TS,136,136,136
302379769,zpr7UTiu,125,125,125
119512960,xWAVpiS2,16,16,16
183364535,y3Cyo7id,142,142,142
268078929,i4mlbRix,168,168,168
128606760,Wzak3Lru,43,43,43
192766419,kAFqMZyb,125,125,125
219846053,3hlOKTea,86,86,86
122161714,CAv0pV2C,69,69,69
234408837,n5KpMc4P,108,108,108
320951666,NUdxDS8F,54,54,54
269483669,9XwKH5oz,81,81,81
239227438,FndVNtMK,92,92,92
80189948,SMVPngEf,55,55,55
14382368,eKerFHId,79,79,79
407852701,7FjYVIMX,149,149,149
39140662,6Vl7YP5j,33,33,33
228031084,dIoVRk7M,121,121,121
353770601,dBvY7pAM,48,48,48
82686293,iH2BO0wB,2,2,2
163855384,EjeraURX,37,37,37
245547248,VUXt4Mal,132,132,132
339179563,Lagi0yrR,61,61,61
99822793,vRJapsts,7,7,7
131195834,zEXBOu1p,167,167,167
31091038,Ba0AuiwN,6,6,6
277499184,YArrQk61,54,54,54
126952794,o2Nq1PfG,170,170,170
22289393,69aa5SQL,3,3,3
129080443,5s0AGVBF,156,156,156
77203339,ap7V2J3i,6,6,6
54503536,XBtv9vVA,63,63,63
90758023,TtC3JRrO,142,142,142
197113045,gdNBC8kJ,110,110,110
226506813,yCHMWSgV,52,52,52
258523389,Hf1ABREn,83,83,83
284032870,e3Djn6tp,157,157,157
111273772,iEeGy658,179,179,179
266073941,x7bS9lvI,134,134,134
159179294,mk3fTLy8,32,32,32
245083927,wPG7Syos,31,31,31
174993272,80RKGO07,18,18,18
26724684,nA9FoNXM,105,105,105
64438569,vOaTqA6T,127,127,127
58827478,mvEMy9QG,114,114,114
68155673,gbPXfQG5,1,1,1
88983946,u6wHcSYR,166,166,166
104522342,HfM64YTy,175,175,175
53666558,vGMuOA9h,58,58,58
50833707,mgf7nzD0,3,3,3
133002931,MVV2zZ66,85,85,85
203719666,PKTInmW4,51,51,51
363747252,Za3phmuw,150,150,150
139205688,qY2XJsv8,104,104,104
36439440,WyhEKTQ0,126,126,126
243369832,VOZMpGmf,87,87,87
175897122,J9IHgjzn,96,96,96
245940681,hQBEMsyU,76,76,76
26121574,UDQTF6ZP,131,131,131
123158001,LZOqmWac,38,38,38
84753020,G9vuITCR,84,84,84
248749897,t5RbO7JY,25,25,25
140048218,Gd6tfQ7d,74,74,74
55118860,cCyiXYt4,24,24,24
28901145,wKz4QvRP,91,91,91
27439135,YIqjCPTj,125,125,125
185276573,oY98q8NR,92,92,92
81532072,qf9Xj6j2,164,164,164
145617725,KT5VvClb,132,132,132
111359646,INFONAo2,86,86,86
51584331,EjqPUlZb,139,139,139
267241541,1JDodTq7,72,72,72
121856463,mtvQwO8W,33,33,33
129049654,3CG8UaDM,74,74,74
310544085,ABBszPT0,54,54,54
31614794,EOmgGzWu,81,81,81
137586502,vsyAaU7Z,83,83,83
277712676,TQeh4TYq,6,6,6
99703880,JRfcsyjb,150,150,150
281062565,820jSLfC,125,125,125
178288249,znE6kYdg,52,52,52
99547447,hDhbkGb7,163,163,163
375189794,PO37q93k,46,46,46
218602706,j57iIE92,69,69,69
416309826,A5m8pl1r,116,116,116
85571678,EHkatJit,99,99,99
37390958,MczGw27G,152,152,152
216260796,XIvME4qO,169,169,169
225979675,69vTYuNX,72,72,72
79687240,pjWqtXL4,106,106,106
181745869,mrWYm2Xv,165,165,165
111198970,SiBs2nHV,178,178,178
105863602,BLdGQ4eD,28,28,28
291456992,k0bIHj3U,19,19,19
68407419,P51nhixG,72,72,72
389058541,MV18fdkl,113,113,113
81386305,NvjNLfbF,157,157,157
51273383,P3Q72Zil,97,97,97
81655560,bl57fA71,41,41,41
29559079,9AO6Uj0d,96,96,96
128353311,BdFLDndn,170,170,170
331983519,LzqZppqv,154,154,154
241411082,jQTlGPrM,164,164,164
272642203,uph9CA7U,138,138,138
266123323,kJL9Ac09,80,80,80
52080037,m9erzc6c,49,49,49
50773803,DMRIgMYG,155,155,155
310642795,ZdUE4SLi,24,24,24
48332093,YZip1brZ,15,15,15
243120750,z4MWlRN1,129,129,129
187747742,4ImZIDiJ,167,167,167
211988444,zIuxRUmG,167,167,167
180033547,YzqUC3Go,171,171,171
220520184,oLEx8Qlq,50,50,50
284803150,e77pFOku,2,2,2
100608546,PFsLGHNd,127,127,127
115106611,jaBK0Vtn,6,6,6
66513118,vkjRoIUw,28,28,28
367853029,Nl8Gf5rj,156,156,156
50523006,oduZbwZG,175,175,175
31526947,hKw9a3QX,115,115,115
331254146,34ArXqg4,34,34,34
237536166,rDaqZy6k,111,111,111
118408694,yjaFZZI3,157,157,157
114174366,Y9wi7VF0,152,152,152
231985830,jEJCcSnZ,70,70,70
52560164,E8zfZYXG,19,19,19
122534231,EHr5QV48,87,87,87
307665381,daxRwT8u,130,130,130
57815434,wMrluFsO,113,113,113
214686654,ZjZDdYzy,29,29,29
226445821,sj8OC8FX,72,72,72
224692144,ujHQNy7k,167,167,167
234428629,dxC7vsbn,5,5,5
131542729,6VhKBgiK,67,67,67
123679683,vVdIWmpt,60,60,60
62808728,W1bWc4dX,126,126,126
48513428,BthPI85F,63,63,63
175384754,zhgDmojh,29,29,29
353601606,giyUVGei,92,92,92
262491402,qdRcWkt7,125,125,125
249436812,PjYvEEi9,75,75,75
235847308,sKYujy1R,8,8,8
254336877,w9pA2PxR,105,105,105
229093996,cfpFPowW,133,133,133
54617408,Skv3YLCx,76,76,76
107926177,uIAG0QEu,147,147,147
15051423,oBvyhZEi,125,125,125
104380959,GIUsaTW8,72,72,72
89382454,ZSytZ2wS,23,23,23
67169064,a6iNoVwT,170,170,170
38538725,tF466aOw,26,26,26
16173751,T3qYT4HD,154,154,154
230740335,3ViuqlmG,67,67,67
373004701,cVboCzjJ,36,36,36
64592813,BYdZcpmq,3,3,3
334924695,67oWgNOe,119,119,119
413525606,9wChmZF8,116,116,116
141752508,ICghIu1h,76,76,76
92462401,K1EuIhCi,84,84,84
158857278,TyFzrzYa,26,26,26
76610719,25VME1Cl,88,88,88
261174587,2LKgMPmz,130,130,130
72156909,4YXqIRxc,149,149,149
230522016,3HwWffTK,162,162,162
321809637,8QSgKddv,124,124,124
172608245,dAD6RMQZ,99,99,99
203605040,0QHmjS8N,52,52,52
243535108,su6Vc5WL,29,29,29
63121485,dgilCK1H,156,156,156
154975874,Mo80hNDB,90,90,90
204136240,hRlqr3sE,90,90,90
73255878,Etortb3i,99,99,99
45175243,R34QqCOt,74,74,74
273886726,A6TUHGnW,107,107,107
203749336,nZ7fNaxG,168,168,168
53951064,l4Y2u3TX,113,113,113
388865044,pwi97pNZ,116,116,116
112484962,DZ8dz4tY,84,84,84
18835209,dBCMc6sB,52,52,52
283351588,bjdmPcZl,148,148,148
58981618,y4FDqwgx,43,43,43
36149621,ccFL5j4j,105,105,105
244931394,wMwSQhXv,22,22,22
192490335,cHWFTN2x,162,162,162
391663115,dNlEqcqc,126,126,126
25697687,FbZjpFUv,159,159,159
230312805,Lly8G7aq,142,142,142
132060427,nYTMxvXY,33,33,33
29815685,8ZnZullN,6,6,6
328193559,M25qyuCt,143,143,143
216529936,GDpQ6KA1,128,128,128
278907107,nYlvUXhT,50,50,50
176908249,6nOZyZAj,118,118,118
199660081,IdhluFJ3,147,147,147
26112334,QKlywh4w,58,58,58
88658532,IKfuo9aS,107,107,107
206913799,BuFquOTO,58,58,58
63659647,6WgIlkro,116,116,116
108355102,n4VHSYUc,154,154,154
186696655,ODbCQWJZ,113,113,113
102754062,vev1NOuC,86,86,86
35256475,Uun5m1Wd,4,4,4
37887184,o7J0PzCv,106,106,106
233261167,TD6y74YP,89,89,89
193308783,RpOFYRcO,96,96,96
90809256,m03Xviq3,154,154,154
192572392,sl63gvgG,113,113,113
68280073,A852WQva,135,135,135
34987669,Ri3t7J9k,35,35,35
46448973,IUhuB0Qe,50,50,50
121319944,rZSuCAOt,102,102,102
82954908,4iSCSr4i,111,111,111
382967959,i5cYbDLH,167,167,167
149725812,x7J1YSuz,169,169,169
78795564,hpywyXkB,50,50,50
299001379,7F12QoQa,102,102,102
236094883,GIpsXH6y,69,69,69
221784107,2oIriRMr,12,12,12
245206047,OrcWsCcr,129,129,129
33364810,5y1gneXp,155,155,155
53513822,rzNXkAaQ,162,162,162
34562118,nXhYBFor,172,172,172
49435375,1mq52Cbt,11,11,11
198023265,JTED4vco,137,137,137
387979929,vLM1qB2F,18,18,18
154770204,meEhncG2,124,124,124
195593217,ONBfYYKm,94,94,94
103769951,eiv0e56N,78,78,78
42788258,9Vct7bPh,95,95,95
241996873,NLxTQ2pb,115,115,115
272579849,4CorTDAy,48,48,48
242810446,a6wm0Fi4,23,23,23
15060553,gti9pDL3,67,67,67
107546271,NU8OvHcW,65,65,65
321625681,7tccMZHY,6,6,6
36352943,LFOjeO3u,71,71,71
122182614,EjHqmJ4y,136,136,136
320469104,8NUqioEo,116,116,116
267498847,Wwnzlt43,174,174,174
63308286,as5UW6yV,145,145,145
99763611,LW2IpqfT,158,158,158
32202144,N8SLtXwY,91,91,91
27353024,eP98blaJ,147,147,147
340863344,M4j9yh8g,129,129,129
102454059,jCIIyr2C,127,127,127
37273308,x7Hy7H8A,84,84,84
15408802,pFsu1YGn,71,71,71
155994607,v8ZvjpRw,4,4,4
116813456,W71NMfPI,30,30,30
97836374,Zd8rCof6,88,88,88
296358936,ZbjEXSjE,71,71,71
181207996,H5XgXrtb,132,132,132
87191182,vPqFkTSu,172,172,172
194533940,XHGUbx2r,111,111,111
181840782,dC0bcvNg,11,11,11
295010678,mmjsHgVB,70,70,70
94377011,8TQHG0b3,2,2,2
195098499,pBudFhCi,67,67,67
232083631,RxuDUW3P,48,48,48
284258707,4LBr072X,45,45,45
104214852,rSiGyGHO,165,165,165
104037053,8yIhqbVl,7,7,7
93986064,nkerV77x,20,20,20
367638367,2ldguo0H,115,115,115
68030182,IuoBAWcV,150,150,150
202591927,kBsbcVAG,145,145,145
196883374,NI70D1To,110,110,110
219514200,UoyKGu0q,147,147,147
94354637,uhrFn2Zv,3,3,3
152328007,R5X7rQG2,36,36,36
350024212,FF3G9lPE,88,88,88
119211857,6AicEssZ,105,105,105
56357923,LZJ1cSwz,57,57,57
282032362,a3JvsbzV,61,61,61
171115666,SSyB1NIl,48,48,48
264251150,4dn6Ajtp,138,138,138
19114946,Q1baLVga,124,124,124
220833952,7bETR1eh,27,27,27
24305800,hHSjzXP2,92,92,92
312578972,WGJ3sq8p,56,56,56
221166151,ZsiejNja,59,59,59
328214411,oUW8ujjK,93,93,93
172123661,AZjyWY0v,133,133,133
292511598,IX5tqI6R,89,89,89
158909972,2DLZJNkI,117,117,117
165231051,fXw0ZPBf,174,174,174
344950638,gsGEuMWB,126,126,126
330172616,nEQHNamL,143,143,143
282513329,iggdEVAD,157,157,157
29882417,3jyxdaKr,146,146,146
305216352,TjLDUv7E,144,144,144
100278031,AE2fj1s6,122,122,122
101473778,gviQkvfP,118,118,118
319704736,WbnEniXd,93,93,93
30745958,UlatiMV0,147,147,147
66132705,yyUExbVA,30,30,30
28550292,hKoNQUxP,161,161,161
241236239,JQOPVoUj,116,116,116
193862576,u6KQrHer,110,110,110
88714564,lEwpqmkE,126,126,126
185755067,gPRcnh6v,33,33,33
155937008,9y6k0SWI,125,125,125
210041069,lApNvilC,80,80,80
265050770,rlVK1CnY,34,34,34
48876685,IpWlP0a5,59,59,59
240425161,cWxMXcHF,80,80,80
233575534,jTPmw5Qu,90,90,90
115065682,s6ZaakXD,90,90,90
71141864,wfqpmiQG,46,46,46
107520426,9g7JgsoE,99,99,99
137312434,DkJbU0XS,142,142,142
63206138,A5LlFK6S,38,38,38
238537664,kBqtlJAE,84,84,84
94770731,s7Knnd2n,17,17,17
23450617,79DfMbnG,99,99,99
351349143,t6f0JUqV,138,138,138
138549463,TKFlAEKe,81,81,81
149962280,velEUwZ5,21,21,21
46709894,bhS1T5dy,14,14,14
190757596,K5vSK6Mn,21,21,21
235749210,7Bo2iuqr,43,43,43
86022051,lNdPhCaB,70,70,70
180901112,GGwGptta,101,101,101
28502472,usVFrnXl,31,31,31
187023844,XsR4T9t3,167,167,167
179247288,WYSlOR3n,4,4,4
134736593,TGX3auPR,61,61,61
106692129,r9EwoFgG,49,49,49
159149410,ShrThIAL,130,130,130
387691096,hzi4o7ft,173,173,173
94920044,nv66Q8Do,166,166,166
80399141,UgLSrPQM,19,19,19
142091277,CYSey3rb,80,80,80
48292678,kz6dqa05,30,30,30
127082454,wjlYAaoD,156,156,156
259357323,YMoG78Tq,142,142,142
165631292,xxYrsVbi,173,173,173
98726278,uTY7f4dS,164,164,164
144220817,rCMrp16P,121,121,121
227819792,JOjj9enU,168,168,168
59684361,qUEo4gax,164,164,164
172038514,v53Ez6Ek,8,8,8
61691194,VvQd91iG,120,120,120
229302018,fxpPxWxb,116,116,116
291782152,k3iGLi3m,43,43,43
41068884,ailDP95m,48,48,48
187843950,nQZJOUI4,149,149,149
152630600,D60NmT27,32,32,32
116713603,kHA4thVd,37,37,37
80874296,nAOck3xe,57,57,57
184145247,i5DAOjYh,142,142,142
49089711,A3RNotS8,66,66,66
30942788,4N2hwseu,128,128,128
164755586,e92ZSoUA,131,131,131
275239591,ECn6ietB,152,152,152
69888611,SVPRL63T,23,23,23
119119570,oRd7fclM,90,90,90
41382287,TM1P4u2E,155,155,155
112249084,iyK4cLlo,116,116,116
330735853,QvWlYNpI,165,165,165
261203571,6ywEkk7m,134,134,134
33708874,5iTbPg18,10,10,10
188627668,qUkzQNdD,167,167,167
120169858,ar86ifH7,115,115,115
259374151,hZkdq8ym,90,90,90
229671827,uwbasQSo,163,163,163
166982188,9wDWwrqV,87,87,87
40216073,LJ7KptNy,163,163,163
180666235,sp1aXLls,97,97,97
154410083,E4R4NwXV,42,42,42
380013516,Q2rmzExU,164,164,164
100852870,kWkjcklC,131,131,131
195499085,Ftv7lbnJ,178,178,178
94036474,mgtqniH5,14,14,14
38753036,51jahzZk,171,171,171
197136126,K7VysfXr,107,107,107
28889667,nRBpODVI,151,151,151
112497962,OzjkoGpu,52,52,52
242419986,XbGCA5xg,123,123,123
107162584,UFqlMRBg,91,91,91
348822797,ieXHH8xw,103,103,103
182083847,21ceMGDP,164,164,164
157750216,mYkoxoF6,110,110,110
111505704,gJjC3DcV,125,125,125
233051770,cHhAsIVi,41,41,41
229806255,0OT5WdPO,33,33,33
86491258,mymFrsnB,33,33,33
59621514,HC4e8SRJ,164,164,164
17479603,lTcvMLOp,61,61,61
173668014,JWjDYBCB,13,13,13
76429614,SaATnS1Q,26,26,26
169189448,iaGW5YsQ,24,24,24
62051260,6xn7cpU2,30,30,30
381522778,dzkym04v,56,56,56
169841973,SCizFlYp,110,110,110
51437595,p6bYGN1n,99,99,99
85626506,gSY4NJOs,134,134,134
100932262,uifCcKaS,38,38,38
45435314,3MxQ14M9,9,9,9
283678041,zM8fmhG3,85,85,85
147708003,fpn3nNKb,156,156,156
152849542,roh8LjTP,117,117,117
23216093,wnHySa72,144,144,144
237132304,YPHqdvNH,170,170,170
203623643,aoIOeGm0,75,75,75
151203315,O1f3tCnN,169,169,169
319134852,sAanD6u4,142,142,142
175933296,gv28PimC,145,145,145
171573719,rwsEdCbv,95,95,95
128250426,TFXOfWUm,147,147,147
30738147,I6m50EWF,131,131,131
219809475,upeqZE1O,13,13,13
222662849,f5SY6z5h,123,123,123
113030654,HYujcV1O,88,88,88
348115957,hcGlJ1G6,16,16,16
209289218,qCpDLjvM,162,162,162
209653313,hHJsySpa,57,57,57
107913440,kvImEXyw,135,135,135
246929631,CAUpkMIB,127,127,127
146665613,lppnYzL5,109,109,109
233026551,0CqC6Cdi,54,54,54
369649545,DZFwiZyh,119,119,119
59820955,NYMl3lDI,22,22,22
104199887,Dt0MvRpd,153,153,153
102483705,lewuC73D,170,170,170
143609612,zqULRjy8,48,48,48
36062754,XYYwREf4,92,92,92
104696471,8C0eWBJg,87,87,87
223875342,NDoQrZwM,104,104,104
186618303,YWAT5w1I,129,129,129
24805275,e3vbzqgf,74,74,74
27458970,rRpcjOmm,17,17,17
88418541,x4ENR7ae,118,118,118
37632292,n66Kmvsz,47,47,47
232644931,DQffqFze,116,116,116
51474389,97vTtPxI,30,30,30
46916344,ZRRSMEWC,80,80,80
14443016,JWIHiDA7,96,96,96
61723753,Tznp4Ld6,123,123,123
149379470,72fuhPXL,35,35,35
232705095,FyvQoiNw,171,171,171
165797411,MwvyT75D,109,109,109
30637282,TZgLTFG0,91,91,91
100819301,N6d2pJOf,90,90,90
193808238,lMVllB9K,58,58,58
304747560,sZFyh2Vy,126,126,126
294629830,Ad2Vdgid,151,151,151
184121774,c6JvIcJb,131,131,131
105195584,R8b3GbBv,50,50,50
78286297,kb3VKxlQ,91,91,91
36913825,p20sxkvP,42,42,42
312281097,uk8t6sTk,32,32,32
24674616,gXFCyRI3,146,146,146
20690260,maVh84lq,141,141,141
149578625,nur96yIc,112,112,112
251196975,7J033rmZ,59,59,59
132581980,LvFKL54F,170,170,170
259952893,5Y3ND6xd,110,110,110
82557386,i7R1koZw,77,77,77
327635963,3RFncWFB,6,6,6
187954378,DJEwGJYK,168,168,168
101077607,XlZSLv6x,50,50,50
132813746,QDkA3jq7,176,176,176
99868287,SrKp55sV,176,176,176
291693081,CqvBomnw,38,38,38
46165339,yJOVpSX4,95,95,95
54016820,6bNnAkKs,35,35,35
332818095,O88cOx3E,10,10,10
216448209,YzHU4FHq,73,73,73
165566987,I25IOjsS,151,151,151
73239675,4CvB94Ro,39,39,39
56080132,yo8PnUvd,85,85,85
175855622,Da2hE6Yg,175,175,175
110114624,Y9hINeUu,44,44,44
99213335,jeRZ0pax,70,70,70
103416293,M1YIpGea,179,179,179
201502222,DsAhBCr6,33,33,33
349501176,7HJWk2qv,101,101,101
322462924,ZwtburyO,15,15,15
406433821,J8dLxOiE,6,6,6
118450080,f4mbxRx5,178,178,178
147322063,GsMK3KR3,2,2,2
77563375,hNm8R1HC,163,163,163
26770552,yNj2e2v8,133,133,133
383382699,YSO8HM7Z,134,134,134
80169614,eRPiECCi,73,73,73
187746423,B1hWvXt7,57,57,57
166500503,Iy21Dybz,145,145,145
394012737,yRqXHx2g,69,69,69
210885311,qKI9YY10,106,106,106
316855460,8m1ljij5,48,48,48
57424551,npzACTRK,147,147,147
199513673,t3j4tk1m,175,175,175
58900482,5xRiA2WA,66,66,66
360269040,heQ6atyp,105,105,105
341830871,rS5H2YS9,151,151,151
141997038,58u8BQFY,155,155,155
204177970,YXV02PaB,36,36,36
122082016,3H893Cff,92,92,92
308847026,WxRUIFfG,132,132,132
152152039,zHMTkS6n,25,25,25
160509434,qBrmF3Os,80,80,80
14393762,s3JtPSTl,167,167,167
181491497,ZA5oMaQb,159,159,159
261685230,qkWCSU1b,123,123,123
234205809,3B7IIkpD,135,135,135
308560018,KMcuGLuA,158,158,158
99795524,J0vhHX3I,21,21,21
100400876,ULNsBkDN,112,112,112
99046532,pMeVWvHW,170,170,170
320382756,jeXLZ5wK,163,163,163
128050713,8CBpxoyl,27,27,27
63848585,KoDrWnUV,92,92,92
171556496,T0nZG1To,142,142,142
94215680,s9H1agu8,36,36,36
230714167,BjTYEjc7,37,37,37
73146735,c5Y30gKu,32,32,32
18540899,Wpajm8ga,66,66,66
14991613,5RUYQsCn,162,162,162
116980739,rfoe2r6C,101,101,101
155625969,9nNKuYOg,73,73,73
218675636,ERwfLJyJ,58,58,58
100897292,yjBeDXWP,16,16,16
279143251,PGdFQxzM,83,83,83
29919273,RsCkRLYf,92,92,92
67168094,wHVHOVS2,63,63,63
76509144,cm99P150,5,5,5
21514745,081LppU5,117,117,117
36801121,3390u8N1,126,126,126
255216306,RvfPIEtJ,160,160,160
101820812,elHdmQHp,14,14,14
108529271,A6G1d374,154,154,154
172283368,I3akdTR8,179,179,179
195228326,Vh77LviB,10,10,10
304488039,bxEhpUZO,109,109,109
93562833,CghhxXQ9,16,16,16
45304421,UATH35Xk,36,36,36
94976528,1ba0U84a,3,3,3
292576227,CzkmSXfd,163,163,163
258435110,WeivEBV0,101,101,101
367746470,PhouPaOx,32,32,32
217745976,xXogYvRy,139,139,139
348592247,72U8RMpS,124,124,124
261219276,14qLyua5,79,79,79
87288694,SHc3G6VG,95,95,95
159271205,kWFk1cwQ,38,38,38
93667573,PXAEcioS,26,26,26
120347111,AStxrSB0,100,100,100
308218573,29yvWCSs,86,86,86
46387776,7CbFvVu9,173,173,173
126593585,OqANDTfY,88,88,88
397551284,XJo8Sbh7,19,19,19
146055887,tvKm2hBs,16,16,16
100974908,IfdDu9Og,88,88,88
170509538,Z9DsaMQn,149,149,149
68801603,miS2G7eQ,33,33,33
232379272,ikpNZzxX,8,8,8
234578694,cGkgRLoH,140,140,140
154929954,djv4qc5J,54,54,54
224540774,jvtqYOKY,4,4,4
144942802,BLDydoST,171,171,171
31352593,pzh1mD9w,57,57,57
55602925,9Cr569bp,52,52,52
30998436,NWPSNzrA,23,23,23
220650134,Ef6KUYhO,45,45,45
131768537,FBc6vIgH,40,40,40
102977378,XSGrj6qs,55,55,55
67253504,Kq9243Qj,61,61,61
134397256,IHg3hH4P,50,50,50
109311002,FdrVtGzE,177,177,177
28863796,P7PjZ2bk,13,13,13
332547299,rdQKCTTG,6,6,6
303923685,joxK8w2i,3,3,3
64090671,EzeXa806,111,111,111
166857574,oL5ag1wa,127,127,127
169673476,jqX9Ot3u,73,73,73
292901048,RkAI3G5E,108,108,108
100399124,C1UyKu79,85,85,85
124979408,IYdX0rEp,17,17,17
271181002,iQfZJwdp,132,132,132
29048485,NJljioqs,46,46,46
87978656,kPfZTLFN,78,78,78
42282011,HiOOQxoa,99,99,99
161538374,5L6Kz79e,134,134,134
37350490,pEkacuDI,140,140,140
55172063,Uufc04gb,70,70,70
38589719,deZ0MjAQ,52,52,52
221809175,7WKatOkC,45,45,45
107957788,M7gDd6x5,9,9,9
5351422,yNJa548D,144,144,144
32349200,QOusx5dn,34,34,34
255141669,gif5Zcq8,79,79,79
281695407,ouMwfmgJ,83,83,83
220073305,oE9ewWya,85,85,85
98977552,kEtsIIUA,0,0,0
58011228,vzoSKWBa,95,95,95
172691314,GXYEVv5j,21,21,21
220429481,WJ7rOjWp,83,83,83
197400737,ftV6f7mZ,116,116,116
373615240,n2NkKvwq,169,169,169
87260292,DN8dpYKP,48,48,48
76778098,m3b95abZ,126,126,126
134495129,H1pDDXmQ,133,133,133
153570147,lswY0wMl,37,37,37
419914952,AHuvM4yx,74,74,74
229084731,bP7sBH3z,80,80,80
62859096,ctCThSVc,73,73,73
37102249,xrn9xA80,175,175,175
117469474,QfbzFkkN,138,138,138
244829164,m3uiXhKd,30,30,30
266752257,icqZN1Dr,4,4,4
236494201,uVUjsRlz,94,94,94
50611854,qIgzk7tp,80,80,80
427145743,RKHyKdUG,59,59,59
40064748,Yj588Ort,36,36,36
238867925,yKm4RvR5,53,53,53
123170685,iXaUEaLa,25,25,25
82446265,6vfCwZXf,38,38,38
73207060,Pm8puOIV,115,115,115
22731154,aLhnQE85,20,20,20
138728734,t7qIXtaN,15,15,15
97080793,0ojWPdGM,143,143,143
96787401,CKSwTjkz,163,163,163
62704279,bXv5sZXb,161,161,161
209853393,EXal67cZ,172,172,172
298881064,u6dQ1kRI,6,6,6
151637537,Qr08SRo7,61,61,61
49555059,Mh03IUC1,164,164,164
42409698,dPoqkMNm,129,129,129
303514166,mt2e3yP2,170,170,170
166039035,jzYPK6u6,55,55,55
105965808,ZzumuvDv,92,92,92
174713486,6YGgSIN3,72,72,72
30211928,Kw4IRF1W,83,83,83
38258337,HHGQOJW1,9,9,9
20863419,EDT9jwWK,44,44,44
214139680,SVLjzOXW,47,47,47
197122395,jJ8MkcVk,81,81,81
148838614,LnSd2IWh,36,36,36
108942427,bgdu21cp,148,148,148
74981400,mnOMVYQX,41,41,41
51084694,iFTAyzDJ,50,50,50
28968734,kVNi3wVA,70,70,70
227913733,vtHQZPUH,137,137,137
168770864,XZyCgFFT,132,132,132
179723215,OfbnGjOb,27,27,27
233367901,qzGEmiMP,99,99,99
116156017,Nmxc1oX2,4,4,4
248283207,WnRVdT8h,141,141,141
69714720,QWM04sDl,99,99,99
88129212,af84y0mW,100,100,100
79881716,jr0XitI8,139,139,139
52452063,OU8tycoS,45,45,45
280787428,TQpjtCH4,56,56,56
236763406,NXqZNV8r,70,70,70
287934725,IoqTfAze,8,8,8
244310001,mRQQiCAb,128,128,128
154952538,fMfl46Tm,93,93,93
285400638,b6TJABv2,97,97,97
26261595,VZR0Rj2z,34,34,34
278369700,OnctU3pq,146,146,146
85962008,y7yjG7Vt,65,65,65
292056185,bQcOmL6K,121,121,121
394362909,8klHLqlE,46,46,46
68611952,LNtrjf5x,2,2,2
55624624,IGGZHoyI,38,38,38
50984482,CANE79w2,85,85,85
53335403,UuobkLLc,175,175,175
106523231,rl9pZoGR,32,32,32
327313308,7iwaYlUz,152,152,152
73751836,v9rycnzg,100,100,100
186878598,cOO5R5KM,51,51,51
40022841,7r7A0bAR,62,62,62
34625846,tIR4NdiD,70,70,70
241367271,0ZTJbUVz,3,3,3
29446305,ujID4kYg,163,163,163
39223975,mJMT8rLL,157,157,157
102197098,SY7itHNX,147,147,147
260003305,9XDcUIx4,0,0,0
175908910,TXdJRTOK,19,19,19
149692348,M7TotVlU,133,133,133
331943317,MaNw4DQt,149,149,149
219581949,2e3Nmamh,32,32,32
302757251,wLiYIhw6,101,101,101
109267220,lLWErCWc,82,82,82
38732028,DIJZpPJd,174,174,174
253982273,F4fJVVmv,131,131,131
66367017,KfShp6DI,120,120,120
45876919,yoa0i1Q6,145,145,145
85724013,WwQLZfNY,23,23,23
19087186,6UpPey6b,158,158,158
164633260,XckjAkgu,61,61,61
167056734,1PpjJI5k,135,135,135
92299013,Yu5jTGNT,51,51,51
11062162,bymivVgG,74,74,74
104684424,M6mf0S9Q,107,107,107
79081637,F4GdHJyn,141,141,141
217250559,u0bXA0jH,37,37,37
322384345,nae3xf4J,88,88,88
26493351,ZEqclmOR,37,37,37
244902606,4ubm390K,135,135,135
132534604,j4FJw5YA,2,2,2
53290705,In6P9r5H,169,169,169
190111498,uvQB2Tyj,169,169,169
191202001,TBrEoRUr,57,57,57
59918493,YI6VWeXe,142,142,142
124953061,H9yKPDaG,140,140,140
280154166,i5RXOfld,131,131,131
328059795,QjMQdIS0,26,26,26
136454224,oNA0kgD8,16,16,16
242717654,fn4sFGv5,84,84,84
310097198,ozDBjnPz,80,80,80
120824685,GCpmtcAZ,65,65,65
239173778,m61AhJNj,174,174,174
212554084,Liq1QQzf,161,161,161
231980885,dGk64VuK,32,32,32
25171536,kI5GJLr9,176,176,176
30312901,kgs4QPXt,100,100,100
24519125,5QBex743,20,20,20
86443081,8prKBssc,58,58,58
78217526,U64gQbbP,153,153,153
326454689,PSGDe9zp,61,61,61
35288284,8dpNQGn4,134,134,134
70854093,HNkz6rHL,137,137,137
174971118,DSoD6PKC,49,49,49
329400087,JBjRVw7C,160,160,160
243270506,6rnmTMp9,48,48,48
361150366,1MHCDuO6,174,174,174
138372927,MjO9Oy44,154,154,154
238207650,lnqmWEuN,61,61,61
234477337,vApjsphm,26,26,26
278348190,7HhQyg3O,87,87,87
84839788,gOcVucJd,135,135,135
68248357,DBNd6YcW,121,121,121
97342537,1Pi7A62Y,132,132,132
49146752,mHnxIidH,150,150,150
53455377,SPyMe0r5,80,80,80
29246052,vVlADxGR,71,71,71
38508294,ercg9Wzt,86,86,86
222541776,mYmmeF41,30,30,30
166721163,LIk6CDcV,1,1,1
205316793,k8g41eIk,120,120,120
323255173,Ks9tAw1b,7,7,7
38085966,JA0ttBgJ,126,126,126
290056939,uoOmKhjh,45,45,45
369339906,ypmU6lc3,121,121,121
59959149,XhVqdUPX,67,67,67
88454767,KlJcKOci,155,155,155
54843371,wk1GN5Tg,155,155,155
208410112,lTwuke7D,107,107,107
53651347,kxzMn9AL,141,141,141
34771893,yhpQqgf4,82,82,82
93117600,NIKqLyFE,91,91,91
299389937,Px7o8wju,119,119,119
141021661,eJf8z5b0,175,175,175
219079665,uVx4oRFJ,45,45,45
169720876,V4zsxhjf,124,124,124
377613429,TnmaQ2qw,170,170,170
300605371,voox8O6d,92,92,92
86162652,6IzrlWpg,129,129,129
333157803,ZMNqS1SP,49,49,49
354703444,XHrjEbpl,69,69,69
297421394,Jm1UEGrS,39,39,39
374811834,AjmzYf7B,88,88,88
93002198,jXsQrfLj,116,116,116
139584814,p8dxmvOg,25,25,25
373913653,8cIscbkx,27,27,27
47119970,bjVUjcIm,78,78,78
117081146,yoQKNb0v,14,14,14
261606151,NZcjwtiv,112,112,112
196108919,eZnRwqzE,70,70,70
319190662,u9qByUpx,71,71,71
227883243,LM34EORE,9,9,9
22991696,Qf2RIi6y,10,10,10
55977824,P8nfFem5,148,148,148
225954017,E2DnYqGp,162,162,162
30167678,9qwVl4t5,119,119,119
53790747,aS9QcIqR,132,132,132
313994349,IlJI2iK1,37,37,37
70810249,qKp1KBhk,6,6,6
237460381,tnYAU8yi,2,2,2
176624431,DV5unYG7,16,16,16
45972547,MXdbalN8,141,141,141
72576830,Cjf2aLWl,95,95,95
27579925,nYFYwaqf,146,146,146
65074917,ft9r4dpt,172,172,172
64594121,53pGUhc0,118,118,118
285501171,5Xl1GpbT,114,114,114
161001255,1wKJ2NKx,172,172,172
285835148,Bd2aldj7,71,71,71
284808694,RKfpqhig,21,21,21
26141160,KiJ6NU5M,43,43,43
236710002,tK8C35hz,165,165,165
414320223,frhcewAu,100,100,100
336147539,fs3ETt63,22,22,22
266629314,1wVUTWrl,150,150,150
118913525,rWY7NJMA,178,178,178
125845620,9jNYEIjI,138,138,138
386075056,tcJIZY6w,72,72,72
257381377,f7ylPsVI,175,175,175
246152292,tR6lP7Lj,124,124,124
195391926,xkMmFGGq,73,73,73
306116173,nkt5wMMJ,102,102,102
73458361,ntlyyQox,112,112,112
103992679,BY2TAhEz,68,68,68
157114877,3JIBnj0b,119,119,119
69353912,hNLKmsU3,41,41,41
128413926,QCRQKr5b,108,108,108
66466799,LL8AKBw2,99,99,99
22198541,ls0uIRJh,30,30,30
252133521,wmkDMw90,101,101,101
28919624,qbIJK2A2,122,122,122
287955384,PjyibbW8,113,113,113
95940127,muqBuEX3,106,106,106
165063795,og3VLgGC,4,4,4
69448709,DynTyVSo,100,100,100
226074801,JDB54Uzl,142,142,142
39635009,U5adYx7R,2,2,2
45204164,pxn14q5v,105,105,105
139068798,eKTxlvHp,31,31,31
101381544,vJPS0V95,13,13,13
116469581,aQsCmXBb,92,92,92
198689835,YnbxCKtT,108,108,108
349822333,IYvTX5QY,170,170,170
94486383,zOtHhiVJ,158,158,158
212674332,v3BMkD2C,73,73,73
131199113,Jx6wZjV8,116,116,116
19493751,dSaOZeq6,105,105,105
99211713,OvPV93Ex,177,177,177
105265363,O8rYYdAq,155,155,155
129334956,kAe6hd0j,55,55,55
196876779,cfcERJ8b,173,173,173
208691905,szGMhnti,130,130,130
237367027,22O6cGzi,93,93,93
29211933,PGJCMHFT,32,32,32
132379871,sHQdJ4SM,82,82,82
137173761,wWLPWsIR,130,130,130
60862781,vLYRRcsj,84,84,84
147014901,GFURS9hB,76,76,76
73671723,syJYpy3t,119,119,119
164884567,NPvBkgw9,116,116,116
85091380,K1zUInFw,18,18,18
211666952,7DJLgz4Y,107,107,107
22308110,zcL6FG4a,73,73,73
44451364,wlNZ2QGb,151,151,151
88560315,8txyayA1,18,18,18
157386694,0PREvR0y,159,159,159
257264516,0SwYMMuT,99,99,99
166071629,pTnQj65A,24,24,24
30924260,u2KwfABB,157,157,157
108574398,tVbXI9C5,11,11,11
22594287,CRuNMsnh,39,39,39
144836870,2kjMwufK,72,72,72
77111443,Wmu8r8s7,82,82,82
386500865,cD9ZY3oW,160,160,160
88722535,Nj7OeMuS,64,64,64
116026804,SAcknrSA,173,173,173
292825875,cqxSbfy5,54,54,54
72442914,Fo2vxY1L,144,144,144
70790872,DEGIj03h,150,150,150
134989627,OknnzCst,98,98,98
303418687,4QBMmFxX,121,121,121
183806554,pzeWkwu4,177,177,177
308165021,dT4IQJbg,57,57,57
126555956,PDdpnKJV,60,60,60
41605083,6h2td58D,28,28,28
128711456,2YjWK1QT,81,81,81
172767207,OgQVYVCT,169,169,169
272401654,ZEczOCDO,11,11,11
14650541,nvgMj2eJ,111,111,111
38036631,oGFAyySA,85,85,85
156390644,v5fYcjkk,24,24,24
93020766,brOdjPP4,88,88,88
33063653,A7Fr0xpM,149,149,149
98907723,17EhJ2lr,71,71,71
209316418,Fwnk9dwm,50,50,50
423715175,RPNhtZQO,79,79,79
59895901,Nfqb0Q2s,55,55,55
154623859,SX2eAVOk,93,93,93
133481854,UX3JZfBf,144,144,144
26641441,6V3EGB7q,92,92,92
90242834,KdzLiAMS,25,25,25
243812541,HG8p1TiB,172,172,172
24761867,r56wbdUL,60,60,60
77957822,QoxsbOKH,113,113,113
368355264,YYvr1qzI,110,110,110
358846817,1IKiFmrl,57,57,57
153134432,pCOLtMu6,123,123,123
55704032,jTO5Fokw,19,19,19
140444416,a9NUQph4,166,166,166
157492818,ABvnFYCy,150,150,150
339704323,zSTeT882,81,81,81
238796664,Ueth7ZVm,37,37,37
41126714,zvhTBPY6,9,9,9
20333482,nzAoJSIx,20,20,20
174852604,8dOOkiUt,28,28,28
70317324,IEXyiSUH,114,114,114
181982547,6k8oEK2C,142,142,142
47347741,8cghZZdL,26,26,26
297446733,0sRaBx38,59,59,59
63639174,d6hCOZSZ,109,109,109
44752977,p2MOL0np,20,20,20
27791936,YR8mNX7x,137,137,137
104799175,XTsJ2Wrp,98,98,98
289183702,89BNExuz,65,65,65
27572371,dHVxBDj6,87,87,87
61981972,ZSfb9DVx,176,176,176
19166979,uFfilMOb,162,162,162
114693187,BQQ8Q3Th,85,85,85
258075795,GJ6iqOYt,107,107,107
239216593,FvY8VeKH,89,89,89
241629417,83uaA5dG,133,133,133
283043516,rJrITA5N,114,114,114
190305235,5xFnCkf7,127,127,127
214927647,EjGmjk3t,114,114,114
98221214,2oVDfW28,0,0,0
233806904,sDPdcxcc,69,69,69
40523979,31Lx3gm9,95,95,95
47665004,eFOAnsGH,51,51,51
88472076,LM9cPOTe,8,8,8
147683273,UNgABQuY,169,169,169
194256278,3Wd9Xl18,24,24,24
57427285,P98VZ8Dd,121,121,121
224464631,1P3dpmWs,43,43,43
162534954,p7mrapSE,21,21,21
83807186,SijHz4mQ,126,126,126
24696408,bwtQGVlA,82,82,82
379806864,wlTvnsDE,158,158,158
103053286,oDsfuIvO,109,109,109
133434293,bsuR1Znx,90,90,90
228425045,4fH7jxOA,137,137,137
144668286,UhQFNdvB,76,76,76
27515354,AaO4ajFw,93,93,93
127671827,Oj0E3IH9,143,143,143
195431782,WU3brZwa,40,40,40
301155538,MGZ0WU5I,89,89,89
312867722,bVwWzkHW,56,56,56
57782426,MKT1iMmh,169,169,169
79879902,D4uhh6TT,19,19,19
288824800,MGW52Y0Z,32,32,32
68136688,hvLKswui,136,136,136
277742586,fZSehZ2N,8,8,8
135195167,myArU6R6,143,143,143
274643693,wwjYjFUl,5,5,5
207102112,4zzMu01l,61,61,61
74342805,UxwZZWR0,78,78,78
335062111,FlTyGOaB,122,122,122
386916588,sDL1AviM,42,42,42
182883693,fFCEs4DY,172,172,172
267419726,P8RoUhRy,138,138,138
146899665,H0dziv89,78,78,78
256085689,bZKBBV9w,149,149,149
126708467,obu9NuAp,50,50,50
172433967,w2Kv4BdL,25,25,25
73194733,Q2ZLRrdh,129,129,129
339692091,qpbAO9hg,18,18,18
211608489,B2G6fP1c,138,138,138
19047697,f8eUvqSK,107,107,107
53686032,xJjLNdAE,11,11,11
302957411,fqhoQpv6,42,42,42
146565165,SyCS3yST,139,139,139
365220033,HdiNgD7D,42,42,42
303549144,9WoMwQl7,68,68,68
219345161,npvbrdCV,159,159,159
51830246,uOSc5vB0,38,38,38
64238144,o2oamIx6,177,177,177
41071553,cmPmerWB,172,172,172
37749339,F2pqe1ZI,46,46,46
81119567,CAsKBkhk,62,62,62
231139783,I628tLi1,52,52,52
186882052,HLN4xa4r,54,54,54
85367277,fdXMx6oi,21,21,21
318203870,dugDLURO,104,104,104
293390824,GJjuXr4T,176,176,176
58108587,RdNICYi2,104,104,104
179959204,csJKxesm,170,170,170
183588682,psv0U5pD,90,90,90
52191396,fEzypi3s,167,167,167
31016693,rBKJ2qrf,97,97,97
120753697,HSqZJr9p,167,167,167
281343823,8Vg2qhh4,118,118,118
147560878,XGMUw3TW,175,175,175
159459806,mrEhaYSp,94,94,94
125130856,WtA3ONOV,137,137,137
208273175,s0hs7jJ8,138,138,138
67462783,wWWSmGuQ,21,21,21
60607423,SKNKY9wb,118,118,118
106714932,rJmDSzpv,24,24,24
61533861,LetGMlW5,138,138,138
33797050,DkgEqOp8,121,121,121
132753977,ksabeHpX,34,34,34
295388970,7Fm2lSoU,151,151,151
180874994,o3C3PNVa,115,115,115
289552762,QjyV88ZW,36,36,36
14925391,MpOCQIq8,23,23,23
184206550,2t18m5jG,125,125,125
368849329,ovgfUQao,24,24,24
297882616,mmtlKLdW,35,35,35
154526910,iGK6IfTU,2,2,2
219881257,W0yIQoWF,9,9,9
225093398,xUAyxbw0,84,84,84
88645811,f9jQbdA2,98,98,98
235619441,8NSbQFDZ,160,160,160
209220061,Ge1BO8J9,82,82,82
67815471,UHwYoIvd,7,7,7
286736316,fm1iaovP,120,120,120
59771040,jGD72Uh4,133,133,133
17731294,2BOo9KhP,57,57,57
147511179,mciMDxUb,76,76,76
143126486,H4vplEqx,15,15,15
53126534,YY0cPyeT,26,26,26
25949992,E0CSzTFY,64,64,64
102561520,AFyywdOW,61,61,61
244844240,8QLQVcXJ,41,41,41
424513891,l4QOaHjh,44,44,44
255788499,YGZ5WgtB,33,33,33
274512995,TAgHS0oL,179,179,179
338702237,5bcuzOml,86,86,86
157173153,bRnDP0YQ,134,134,134
53639673,Cg8OHI9Y,50,50,50
71194333,SgVEfsi9,135,135,135
289753176,XZ7CooeK,82,82,82
174587171,no0WARq5,38,38,38
345627070,Sp81uPTM,65,65,65
36834029,LhQLBTlb,41,41,41
175910674,Wjx4S3VL,146,146,146
223900003,16n1kouI,156,156,156
379572778,6RTLp1qJ,123,123,123
239778754,okeaqQke,164,164,164
206648135,kFSvwxTG,0,0,0
161917188,OVmstt15,24,24,24
64266755,A3TepDBw,68,68,68
113352646,iB0K094E,71,71,71
198261228,RPOGXE8Y,10,10,10
99302131,72X519zH,124,124,124
229567071,1VtnFqhc,46,46,46
185026702,AhSxLNAc,147,147,147
177451996,0WIBWBzQ,48,48,48
40128716,YTh10uBO,99,99,99
94208840,HfVgnRhn,48,48,48
51395083,YOTbAYHB,49,49,49
76469910,c8mmutqy,3,3,3
20663939,CUy1VxJR,111,111,111
87052862,y70ZrI0Z,18,18,18
115412867,0WfgYhjZ,164,164,164
384427041,m5V8t5Xj,71,71,71
66524156,wutH36hl,150,150,150
261894304,beZ1b5LL,61,61,61
196392834,BhWfEuIK,68,68,68
181480136,3YFVJ98H,143,143,143
220285073,MDN5YJ4h,104,104,104
155957328,9BN9FONL,114,114,114
94806131,SXCYp4ZA,46,46,46
361311556,3nwqNqAe,170,170,170
169998892,2FdbLmzG,69,69,69
68636083,Pl5Xlx5J,133,133,133
57452723,paesvp83,104,104,104
257059580,RdbghnrM,114,114,114
91860892,TDVfVtBD,22,22,22
279833448,S0ipn6UJ,18,18,18
354749345,4aOwOXSz,72,72,72
208938212,NWBhRUck,33,33,33
31833900,WsEVg9Dn,170,170,170
237385859,2arTcdt3,108,108,108
21673854,7K99lUCa,26,26,26
95905977,opdvTssK,78,78,78
39365908,zN193UCc,138,138,138
319338463,zQnKlruB,7,7,7
118003629,JqhTjtSY,53,53,53
212101870,KUhPdHZb,109,109,109
280724979,TyPhCAZT,167,167,167
99483287,tJO3wJ2M,92,92,92
138087862,stRxMDkJ,168,168,168
309301321,lLvURh6M,71,71,71
55409725,1D154SgW,61,61,61
221923353,NzEzJlmu,46,46,46
231085463,c1EGbk9e,17,17,17
284850538,1KxaWffe,139,139,139
186841658,XMk13XYp,0,0,0
46986734,hfMZwk1x,129,129,129
327136942,8mdTbRSi,36,36,36
139913532,H7ZMdJ2v,74,74,74
269295407,b2w7JzGq,64,64,64
259980660,eOxoJcW7,137,137,137
26432623,G8pBzBX3,40,40,40
159127353,WYVnERkF,106,106,106
102866196,4XkDwtmZ,102,102,102
42845673,1USsStDB,179,179,179
258956047,9wX8xeAp,102,102,102
37446351,1y5PZhrx,12,12,12
217321122,v0LjFjWy,21,21,21
88860767,W8aMSegS,27,27,27
168918976,xDejLIf4,145,145,145
58389242,JZIriYc2,148,148,148
293019339,vFZqNsdu,174,174,174
145331383,zGExJUkg,80,80,80
66775209,zx2OW4Zm,34,34,34
27275057,08mKE7Eo,15,15,15
18875630,EYQKqk2m,37,37,37
109306715,34A7OBy3,98,98,98
56536158,MtNMlDlU,132,132,132
210913231,ZqEacpPn,123,123,123
63244615,MDVgCBbG,60,60,60
381904642,MLnVo8ku,113,113,113
123352172,6Xl51daH,123,123,123
48241635,JsZ2ILtX,74,74,74
90070190,Ops3xG4F,178,178,178
174007985,aMD8tohZ,56,56,56
232031462,ALudBC6l,11,11,11
156450054,XcBoO66o,146,146,146
225321837,eciJZt3w,103,103,103
58600716,DSHs7Bez,39,39,39
157356796,J7smxIf8,41,41,41
86191007,yncnwxDR,48,48,48
35685829,b70nB8iq,157,157,157
176495139,RSU8T33Y,103,103,103
3104781,DQuDCKVW,70,70,70
360675830,vdXYC1wg,123,123,123
229260490,hyDjjurf,19,19,19
200534084,n7JM7mz6,48,48,48
187323117,9hlDrhAz,75,75,75
103820176,XdNPAEwy,143,143,143
162600136,JEVzBgsG,64,64,64
294304219,32BSzi9q,48,48,48
117466485,56lKfCSb,36,36,36
377813431,lLi4yyRK,71,71,71
48924422,1gKzo5Ls,15,15,15
48484103,LS4oHM8E,133,133,133
37105360,26tD83DF,7,7,7
67114672,JmcLrOJf,72,72,72
290840099,MSz6xoNA,124,124,124
188722736,QxHyIHAk,174,174,174
114327198,zI6rHiuS,26,26,26
40607984,IsXjnHlP,72,72,72
176985352,JXwabQLU,31,31,31
121735178,AqrLl7lw,158,158,158
245932894,RYYVRxNY,170,170,170
330075334,5nePDYz7,140,140,140
413670557,AwhzwSgv,29,29,29
336016493,J9TUwesF,179,179,179
313427708,zvL5Thd9,139,139,139
77617225,PmdRng3J,40,40,40
65238445,aF4TQJXT,145,145,145
303546368,8LO7cpb1,21,21,21
114218307,gSORCorF,63,63,63
111500760,p1iqt1eZ,122,122,122
137083094,IWoCSQ2E,91,91,91
79066318,ZTc0lEpo,28,28,28
261605000,ApskbHSH,40,40,40
288985714,RuyxM0Mc,138,138,138
34976022,iWa0JDcF,162,162,162
114541366,koxf2ZNG,29,29,29
313304314,hvJp1gAU,30,30,30
141009651,Re44AELz,140,140,140
254848865,UchUtSs4,70,70,70
46122876,4VtxEQpV,113,113,113
236519225,bPjgt6sz,68,68,68
320279577,g0upHct1,6,6,6
177057831,7JoUZTRh,103,103,103
246943512,IAoUK9Ml,138,138,138
145707317,9CiSQKw6,156,156,156
52236674,OW0G5aLS,80,80,80
49719448,FjAl7WJA,132,132,132
153511753,NSeUeav8,91,91,91
334207187,4Pn3YkmW,144,144,144
93015200,acd1YBOC,92,92,92
178114579,6zEVaR6v,14,14,14
81342869,JIDwgbxk,7,7,7
243508887,AShGvYOk,158,158,158
29468782,LXdDKA2z,101,101,101
231122796,3LO4MYrp,23,23,23
394671285,lzTcPO6i,89,89,89
206962298,9P1RRiGo,24,24,24
230096081,vTLLj33u,126,126,126
43652844,1VCBuDkt,114,114,114
367186643,JRvZ3uwG,153,153,153
326817783,VkCuvEIU,127,127,127
315569837,N3Qfc1Dm,165,165,165
49827683,l5E9pUjq,14,14,14
180464237,Kge65hgk,159,159,159
126045678,kgLFroSx,128,128,128
228911295,NEsRfsIy,69,69,69
219087536,qUslKIIt,55,55,55
268237809,W1vcInci,49,49,49
64284850,XBspzpva,30,30,30
112237355,xn97ds8n,146,146,146
46850941,u1JdC3QZ,130,130,130
60827115,Ym2y1G4L,31,31,31
244595603,4yvxk6zG,134,134,134
41117134,GFL2mhCE,39,39,39
93324144,On07Geoa,176,176,176
237825600,ZjEynbj1,83,83,83
106126933,qdAzdd1y,10,10,10
213003906,I9QftYUr,164,164,164
147641480,ycVNSU2l,136,136,136
65286440,nd9W2Vvi,38,38,38
25502674,8oUFcX90,178,178,178
35084109,zxEbbiOM,37,37,37
235792534,9HHiuQvw,128,128,128
175840969,EfpVlsQQ,43,43,43
288570220,1ZyNTJPW,66,66,66
46687725,GfS7ATli,130,130,130
41979087,o4vWAVmz,45,45,45
66038414,HxdczU5i,39,39,39
81148700,VE0zaWd7,175,175,175
98718644,75fFA4TF,149,149,149
82961385,4JCDkzTP,168,168,168
77927329,2bAiEviZ,15,15,15
373415880,DdMVLExY,154,154,154
422939499,veheUfXw,29,29,29
31207292,q1Jpl9bH,82,82,82
212651691,MndzePmn,121,121,121
173836444,XodxIxr7,172,172,172
248946091,oX1BHuj3,138,138,138
52321906,5MnajtZU,68,68,68
267340359,tRBaTYCg,106,106,106
96284600,hn7iFIXB,171,171,171
114172296,wGfpx7cW,140,140,140
214492534,jLbNjJRA,29,29,29
289373720,sT4JqloL,171,171,171
31326187,WnO4uicX,122,122,122
26935300,e9cfFzP1,59,59,59
135995083,GSN2zLZ5,93,93,93
405119637,pRP0wT1l,1,1,1
142113928,9No0h0YC,111,111,111
64046741,hgwTUyVq,105,105,105
121264636,pyHHjeft,81,81,81
201104385,6IBWpUYI,88,88,88
280658157,1kv9rUm9,79,79,79
134418947,YQlTU8Wh,45,45,45
40467369,SPQcBmYY,116,116,116
39412329,3anw9yaJ,81,81,81
37765886,fEOPF7cq,103,103,103
35238843,8N9TMTF4,3,3,3
171641627,eC5x8qt6,154,154,154
128254754,OJTmVvXW,158,158,158
19821675,4g5ue62v,157,157,157
8571212,6DMjO554,112,112,112
370326355,md3g88jj,34,34,34
34318694,9ZsXcYAU,28,28,28
30878502,UtWf28Su,101,101,101
192401910,O9bRSyRf,74,74,74
220403284,VmIwNaS9,60,60,60
149933406,Phir1kh1,106,106,106
232912435,v2zMEIpS,23,23,23
52448040,puT7HMDw,92,92,92
120167756,aIxpkNXV,42,42,42
240084561,lFAw0GvS,98,98,98
50197481,e4SSSf5X,89,89,89
47270074,btpNp7UL,36,36,36
314732786,HroutwSW,109,109,109
134306725,yJqOSR2V,3,3,3
68702293,pquwvBc9,7,7,7
207428440,y4CW3YWl,57,57,57
31446834,6Vq4egUl,175,175,175
224421322,ENIKstLs,152,152,152
83646098,EO56gH42,123,123,123
132689420,rW0jGDnj,10,10,10
23441125,ZQX5hdjG,97,97,97
225857884,yBHjsTXi,47,47,47
65271257,58lWTfob,46,46,46
330634335,Fvo9qLBp,144,144,144
224039613,28eGkS0T,17,17,17
226233366,Z6JsJ0Hv,47,47,47
94405308,hR5qXwvA,161,161,161
233288144,lncMOEHT,8,8,8
242589365,IVbjZN03,116,116,116
136232361,hyPCfvr9,141,141,141
126113337,H5JVSZZI,2,2,2
404554906,zerZIH79,35,35,35
214127540,VpfR1ruh,41,41,41
30952685,0h2YqiAl,154,154,154
135456321,udKaCx5R,155,155,155
71976250,oxDlS3OK,160,160,160
87484182,5bunbWa2,82,82,82
123206367,EHcVAgeT,139,139,139
106099054,Z5sbNfbU,63,63,63
77443782,13B2enYU,148,148,148
68230668,HJbqkv6u,98,98,98
52296212,2594Qt9f,0,0,0
182007863,CexIoEl8,69,69,69
21002142,6pjPD2O7,145,145,145
65028959,w1vL2f0l,120,120,120
366438241,9aKcT4NB,93,93,93
247142817,a0dNaC8H,110,110,110
123646093,KyDgtAcI,94,94,94
362279898,mWad9mcw,130,130,130
98032712,Erxjv5ss,19,19,19
168758952,O7zM1KaY,17,17,17
279670623,cFWAHvXt,6,6,6
98245347,0M2yhtud,99,99,99
164519856,GOVuK96P,160,160,160
78142875,p6CQsjWy,150,150,150
55321879,xIsPyWuw,150,150,150
157252136,uObMLE5R,6,6,6
221343806,BxWnKTSW,157,157,157
242321133,hG3F11xk,138,138,138
117766942,nzjIZtRT,103,103,103
60295930,M4bf1Z8i,119,119,119
235402985,YIYL6j63,44,44,44
160762875,tIk6elHm,174,174,174
105414856,zs57twL6,140,140,140
129411952,0ptbm5Ea,82,82,82
157250287,zeJj2Nxi,9,9,9
130609528,gkNigEw2,57,57,57
309033116,oTYOJN3i,46,46,46
277493769,DXaeTcUG,44,44,44
159928049,lFNKBnRL,129,129,129
277733008,By6yaMdO,20,20,20
209520327,4fgRLqig,166,166,166
37785093,nmhrjFdB,100,100,100
316853429,nHUtjYRB,4,4,4
82448257,62DLl6QD,37,37,37
240259299,s4jHb4L7,160,160,160
163340050,vJG6IcXX,152,152,152
68776441,r2UYy6eU,145,145,145
189347080,bFjfzTi3,109,109,109
369227145,g4MhfIJ2,45,45,45
231992974,sVD39lRZ,43,43,43
77085412,bSHkBC28,91,91,91
52305886,Ep15OZFF,71,71,71
351936332,4lIB5kX4,142,142,142
107931922,FbJTm0t6,86,86,86
257885835,gzLahbzx,13,13,13
75270967,PflbxYVs,173,173,173
238026232,t1W6c3oe,21,21,21
139130800,A8UsCYoy,115,115,115
210646937,WHQBwKo0,159,159,159
98186011,SJhNUzeB,43,43,43
19791154,3tIInp10,42,42,42
131985171,OpwyY5cH,98,98,98
220108501,qfmUr4eT,107,107,107
138230892,PCysTvq0,79,79,79
27591089,icEPra4Z,7,7,7
195485723,FTYymVwr,130,130,130
329843676,F5F0NsU9,163,163,163
188334851,s9laW12C,121,121,121
46740825,UQCdRlo3,140,140,140
361916775,B7v3k2Kl,95,95,95
328102342,sIJBhVEK,91,91,91
321742553,LH8Gcy4F,12,12,12
54436691,0wFuBrv0,52,52,52
227471511,FyTkWRoj,95,95,95
21330341,KNDr6bus,133,133,133
193957256,tKhLdFU6,124,124,124
365032705,N0cue3Yg,40,40,40
135575618,fBDYhjjh,26,26,26
245880367,iUmDalEL,121,121,121
145821184,MxcgWTRY,0,0,0
128746641,mfMOlN8O,151,151,151
388401512,7BW1x3oj,120,120,120
74942850,zliLijOY,52,52,52
92789245,LW2TYJPY,4,4,4
241036479,XkyQm0AC,155,155,155
237412476,FJ8BIopT,112,112,112
265163231,ojvpWirr,132,132,132
161732661,VAiYnr60,45,45,45
115742626,Ij4OnHqr,157,157,157
75696479,aVjiVAnw,29,29,29
371045058,RvDE6hrX,164,164,164
159625391,iDUYX0oi,120,120,120
227732446,Fychkxhg,179,179,179
230655237,zz7K4k76,149,149,149
34794295,pTOjz9ZO,179,179,179
212325011,XDa3QdIg,12,12,12
44203246,vCSH5KLX,79,79,79
263062477,ok9u82IR,56,56,56
145373612,eJHGOjsL,58,58,58
308511837,cwj2IxuN,57,57,57
233386123,zj1JdQLs,175,175,175
334130973,FilFxeb4,23,23,23
30964873,ulYqGcGy,45,45,45
48771390,qEWbktIp,88,88,88
172077860,A3awX0CZ,15,15,15
115408738,Q48g27uD,100,100,100
124048063,nCI2doX5,87,87,87
39619698,edViCefC,177,177,177
89458049,XH4yzLnN,73,73,73
238732073,mjTN4UFS,152,152,152
193687396,5CyIUk7b,17,17,17
248334089,yb3SId7Y,64,64,64
124827920,2DHeUED0,88,88,88
124712535,FQrM3sRr,78,78,78
235859190,kgqfd63g,45,45,45
307604157,h97cRKdq,138,138,138
283104251,aBpXmrH2,103,103,103
219175188,ncFSqhG1,74,74,74
54399656,HMMbhTEd,118,118,118
162344309,HYmURAhu,81,81,81
284879819,O0sADlxf,169,169,169
82014346,4dmEBD76,119,119,119
320380448,DCJ05Kpk,157,157,157
103731460,nh69ynqo,112,112,112
278124163,JY0DTbTv,149,149,149
304421392,fpHqNfmD,10,10,10
97964205,v932wP2s,165,165,165
43744604,WNE066i3,87,87,87
41192661,hDJYLKdk,143,143,143
195111289,D7ZYlAOV,89,89,89
184415361,yWlI0vWI,28,28,28
230704421,S9QYs3Vc,134,134,134
78225314,kYg5kGBr,58,58,58
10165562,LJTyIZBV,41,41,41
196132865,7ZVc0YXX,105,105,105
214465944,KMX0WLCe,89,89,89
353116593,Ps9lisR3,4,4,4
132936023,o379eWSn,15,15,15
86862697,vgJ7OqBm,8,8,8
42712753,Zqy6xcPG,64,64,64
118290044,LjjQTh73,137,137,137
77301487,nX20wrhk,137,137,137
89706549,B1AlvfJF,88,88,88
59745423,oGXvYomv,9,9,9
117972727,nxCFezb3,94,94,94
137059251,rCnN7AiH,177,177,177
38423843,c9GKFu6r,28,28,28
391464977,tv3FLxvo,133,133,133
75038244,yAFx9e0A,171,171,171
287363713,M06wS9Pa,158,158,158
215876183,lqeBQ0iE,29,29,29
21625116,LdTWosxC,172,172,172
61253626,hJDZ32dw,145,145,145
52538618,gyiQtCaL,88,88,88
293058233,LkuAdL3r,36,36,36
26784755,vJvIPHE7,177,177,177
73348769,gkpGlt0a,171,171,171
162125925,e94xv8aj,113,113,113
39544622,DfVqX9hZ,121,121,121
80758198,oGyd8xnY,12,12,12
19663673,yM4C8FEG,79,79,79
35939946,yTrI5dhd,24,24,24
238574756,HuWA9keV,97,97,97
143571253,L2ExXYMN,95,95,95
52472623,EqXrUOmD,82,82,82
277820757,QpUxeNMG,144,144,144
345727409,8aXnyDcw,24,24,24
226062538,h3hvvz3p,146,146,146
144239216,tinbJrm8,105,105,105
45185416,M2yeunQM,179,179,179
61765535,RSXzR9Hn,119,119,119
228432774,f46ATV8W,3,3,3
37063206,u3kggOY5,43,43,43
41395370,N0oAYA2e,13,13,13
251116614,LeauiX1w,33,33,33
23493,Gjs8woe7,138,138,138
97508819,3solMz7H,53,53,53
190139509,MivBpbNu,49,49,49
218672931,plqw2mdw,88,88,88
327486196,VjlHUV9i,179,179,179
358290508,ZhqJxIev,59,59,59
188564902,TPhCljUB,57,57,57
56708105,38RCrkpR,160,160,160
225105998,8Hp12F7K,9,9,9
342698859,2j0I8ltd,18,18,18
135279277,JclOAhW8,163,163,163
406774538,uiGtrlsH,3,3,3
371257802,wbW7meZM,13,13,13
50877723,cgbbRr1P,178,178,178
54648903,kzloOu1R,74,74,74
232998012,1bqpAhk6,51,51,51
373023781,MC8JQwoQ,36,36,36
47127394,4tbwkAI2,133,133,133
246175757,l7UWuvKM,146,146,146
34162852,YkJ7YtOI,96,96,96
105214480,2Zv1TPgX,106,106,106
244681521,4BdWe81w,114,114,114
223007239,FYglZ4n8,151,151,151
219890139,6EM2SXIW,145,145,145
125415497,GIpu3l1Y,62,62,62
256121387,DjcsP9oW,91,91,91
199729912,RkmCGNLU,11,11,11
42217261,3ChDhE2d,157,157,157
139433208,GQb4V2CU,121,121,121
171309833,XyqiQ2HF,174,174,174
133719895,Yz95OhZK,102,102,102
225311839,k63mSTPA,158,158,158
194724835,OfDSiCIk,81,81,81
30599946,dgUvndSC,29,29,29
223009155,9y83E6Qg,59,59,59
195090098,pPE6PyUz,109,109,109
340438119,FeiDDiQn,8,8,8
154346315,tq1nqVUT,56,56,56
326326111,syV2rity,29,29,29
385378364,mwLwFN3h,141,141,141
398196213,XTny81xY,44,44,44
37337019,1WCvIje7,89,89,89
185241301,FxPxsfau,30,30,30
84898543,GHf6vYH3,129,129,129
287532036,wSUEnsEX,159,159,159
56967195,IUoxA2LF,115,115,115
117214203,J1Ogkbv4,79,79,79
252145547,0bQbYTwz,39,39,39
183668263,sc6MYXI6,174,174,174
212026692,gOZHBL8V,161,161,161
58615291,BjsvFzty,82,82,82
45364382,LkwFAnaq,63,63,63
27574209,Kr0Xmk3x,37,37,37
299990341,2IkUlnxW,96,96,96
147738205,EtFFSDOS,156,156,156
58892709,Au9a74hw,92,92,92
149994269,cjL39yUE,28,28,28
69782537,NLENUtQM,170,170,170
192653125,aUpFRW42,83,83,83
230028522,1cL2eJmw,11,11,11
310416440,w9g4EHQS,23,23,23
199452324,bb5BhWED,48,48,48
115239540,4V0joRDd,142,142,142
190156590,3itDrYua,166,166,166
77937726,HGM6KdpD,178,178,178
86621267,ODHvZhuo,34,34,34
102623038,xRHPQkEW,68,68,68
326579733,MrsmqEU4,112,112,112
59199284,sA9Mzkw6,32,32,32
197769343,ny0pQqva,74,74,74
193906166,vy95JYGy,53,53,53
158149475,XZYFt5UI,100,100,100
95321178,dj9lYYMq,149,149,149
150503469,ZAsNYGCO,153,153,153
81255591,Ru9ZFoFL,13,13,13
24814648,J69VfODi,35,35,35
213456011,zC2ToXrS,88,88,88
311603042,h6vQYyqY,142,142,142
73221331,Arh3EFju,166,166,166
74942193,FDo3f3yF,156,156,156
294746675,hX2YZ9Mx,52,52,52
146352508,gmp07Uud,64,64,64
28677180,YNeDnuU2,172,172,172
179182027,o0XGlh8w,169,169,169
49886699,3U1P2Dog,23,23,23
184068558,MQk8KNjd,45,45,45
168884645,4scgIwx0,15,15,15
418225956,Pw0aoxwI,73,73,73
175892852,5qkAzU3C,94,94,94
53626474,NYakPciM,31,31,31
200726055,CwR9H0hv,125,125,125
188974734,dtxygnNM,60,60,60
383503932,GzOkAVL1,1,1,1
88854407,UdN29g1T,133,133,133
152546223,o0oqgdMX,35,35,35
162819406,vp8L5MQR,103,103,103
43999186,qjFc2Pjx,147,147,147
140489674,TWwK2ElF,177,177,177
32304188,M4oCk3Lm,31,31,31
199528512,HgffTUa1,57,57,57
81132342,tlrg2Osv,90,90,90
77520828,R92TMSld,12,12,12
89183206,k47NIbqF,139,139,139
311590393,tmu1SUYF,89,89,89
216494813,Bje5HpDG,164,164,164
202309219,5wDbg7GI,15,15,15
222624665,nJt3N0z7,18,18,18
51153033,cyugtj6p,100,100,100
279701496,Ji8Bzkvg,134,134,134
120823119,sF4cRWiy,102,102,102
195738102,ZoFZmUKM,42,42,42
196691579,1XeWF2eU,50,50,50
218859061,zqiRj3Rw,12,12,12
89068480,FXEOyt1t,124,124,124
153820340,fBDTpTOt,100,100,100
264975026,6Tz6uLWc,48,48,48
55207986,AqyUzbbf,176,176,176
275754665,2Om8T6nk,156,156,156
100172443,XQqBO8al,113,113,113
202705772,SHXwJyvX,19,19,19
89809718,wNALnsVR,46,46,46
116183818,i0UzK6Zk,36,36,36
181333640,s2VJa0OO,67,67,67
46969663,DT2tZKz2,41,41,41
80651326,x2IWyokG,49,49,49
40466210,jzAZE22R,90,90,90
222302493,eQRzbfQM,122,122,122
146912966,k0H21XYN,48,48,48
187118646,9ng7eLGl,64,64,64
316825028,xcGMT2H8,78,78,78
238215019,2DfX7upp,48,48,48
75238949,Xr558MHd,117,117,117
239200344,1krYWzRF,21,21,21
184858985,JT0D65hp,22,22,22
17213171,0kkp25Zt,124,124,124
167985884,2eq0Z0PR,56,56,56
72246895,FsqjbeGY,24,24,24
36613995,k3RIthXt,53,53,53
215718292,Sh5zBXRS,94,94,94
310910433,ucaRIqht,35,35,35
83732401,Oqk6eqLv,23,23,23
255681133,C9NIFvWF,127,127,127
355658186,GMRkniUU,135,135,135
187455091,nlksDg9U,160,160,160
93925859,SlVckAal,46,46,46
81821087,FFelgKWB,46,46,46
276579496,mBZJlzGO,120,120,120
76337273,NbgYYfnq,97,97,97
63816482,3Vnkte8q,35,35,35
45210666,cPxDLJ8z,41,41,41
69721962,WLPwMWFq,149,149,149
332565796,jqY6nuRk,87,87,87
141474798,XMFHhKgj,40,40,40
276999288,BLAangSp,3,3,3
138583622,NbhyrAzw,59,59,59
141278177,CvIhZIEY,100,100,100
184196151,bUIjCOKq,43,43,43
74288126,OHaV8pW8,46,46,46
54020504,z6xnP2HG,10,10,10
116508041,6iOUI5i8,171,171,171
63251511,f1gBrnTp,1,1,1
330268510,Y0CDfFdW,167,167,167
73952266,Ptf9qfJA,48,48,48
101938638,OGT9wtSa,93,93,93
329993167,quLss9HD,32,32,32
66464654,ab3Icx0h,73,73,73
42416021,kruI4gHB,150,150,150
123605935,AOJqiTme,85,85,85
338897078,gu0wGxId,88,88,88
88508374,3YgH2zev,27,27,27
195265137,1qqKTpQG,149,149,149
80086548,Fgyd9z02,131,131,131
183744760,KWpKyF4k,107,107,107
162608180,NGbsCMzf,162,162,162
298741250,mQL0hxAI,77,77,77
260025410,omiO4rzm,48,48,48
258521787,1MrNRBwF,30,30,30
43408019,h514bnES,84,84,84
151990149,8LhZPg5q,171,171,171
327918221,3XcmLag6,164,164,164
58118997,PF2AM9ie,93,93,93
71509667,0PS5ferJ,9,9,9
194336639,9k1qiCo3,21,21,21
35989803,Id2E4bYt,169,169,169
211340389,ZiGoVgka,162,162,162
320959471,6qQTa9ZV,19,19,19
261173451,we11GmtW,22,22,22
342674705,k9sAklBB,104,104,104
70677969,QMmHmwx1,81,81,81
237577146,tiNIiUww,143,143,143
278640557,W9ggzFmb,93,93,93
81246926,dgci44mr,50,50,50
69199102,y5kv6Bqo,142,142,142
28824416,4EIs1gos,145,145,145
264477094,fNoLISIw,142,142,142
310023122,0R5T7Xwu,82,82,82
120531798,YhVZ9K91,92,92,92
256228194,jnFJFvQO,170,170,170
17490771,6wOJAMSD,66,66,66
62935484,q8d4GWy8,26,26,26
108398650,ZDuPVk7g,133,133,133
286889139,eF2VN2zx,18,18,18
68017232,pXEs2Ie5,122,122,122
68107753,62wBlu8Z,27,27,27
247447516,dyg1c3zy,54,54,54
34317288,M0yMgumB,169,169,169
186609432,Cr7nET5M,26,26,26
22176998,q2MEvDMr,140,140,140
62431223,APlEYcGC,28,28,28
257104713,bf5GOtCW,74,74,74
288319481,EkebjsYf,32,32,32
78069639,igg6VV5K,161,161,161
47695811,Y9WPVl5I,120,120,120
121672846,R9Ya33UP,39,39,39
97880478,7Gnxd09Z,20,20,20
316281825,0oN1DFX8,164,164,164
253211781,PkpThu9j,146,146,146
215311361,9TmW2OjI,79,79,79
193035170,llNxlXtA,12,12,12
192570588,KmPr80Xb,168,168,168
258147114,VHTETI7x,39,39,39
60686208,50FA5PC1,134,134,134
268007390,s2T6NbNI,10,10,10
245354070,9FI7oakJ,10,10,10
177778133,mCiDs6P0,1,1,1
18622579,0NmrxC5j,125,125,125
245930747,KZN4gSR3,83,83,83
308823091,a6gZTMZo,131,131,131
331387731,6Gm4uaRT,9,9,9
325257575,zYNpBBaa,46,46,46
218732499,qLkJdcpQ,84,84,84
281100471,Fz5KymKc,27,27,27
121625959,rhboTTTM,130,130,130
281178542,OKOslpKN,88,88,88
317810669,NuprdV3B,48,48,48
167332280,ZxyAzeWD,7,7,7
396148725,j5d4ZZde,113,113,113
214781289,b0EN8W0s,152,152,152
229355105,NsZlLh0k,153,153,153
200635899,Nano2XiK,130,130,130
66239964,I3mqivXc,76,76,76
352867462,Lak8PIyI,90,90,90
268673926,5XzBXsIR,135,135,135
77147006,8M6N4ngD,50,50,50
377470624,4MGs8ugB,86,86,86
124835737,5oOQXJDw,176,176,176
38980844,iDuttXiQ,103,103,103
270201630,TDi2cqSH,113,113,113
192416747,AHGTfgol,57,57,57
36934924,Kx2409jm,132,132,132
229392506,sRDot5cI,106,106,106
68192891,GYXgERyb,139,139,139
293450741,K7Mt35J9,136,136,136
63545152,0bwM2xfp,17,17,17
55104570,BLBSTJFL,51,51,51
290961378,7ltfJ1hH,137,137,137
85060730,XcDKYYsm,161,161,161
295282811,Y0y3o81n,88,88,88
247329181,XvgWqOpJ,52,52,52
291444066,DUfVYqfH,172,172,172
36794484,S7S0sQ9O,126,126,126
58079669,kxeueSKx,85,85,85
52390889,TcS1doSI,89,89,89
190781544,tYkJxSwD,103,103,103
51773309,KUwHMGvP,143,143,143
245412468,3lFHORFM,88,88,88
188163588,jJfHo4mT,116,116,116
97517924,rfGtZkez,74,74,74
368311184,mysWi2Tt,168,168,168
73373786,iPledCkZ,167,167,167
287927202,aFR9v8Op,99,99,99
114490754,IAcrfV6r,21,21,21
48128877,WWt9XnML,8,8,8
27840257,8eXs4GPW,179,179,179
242167787,Vp2RrGVD,127,127,127
129817857,0j2m2u7w,163,163,163
353202053,V7q0czLB,122,122,122
333169432,7x6HSfw6,36,36,36
393629282,Uk1bWGPF,173,173,173
57425559,vA8yAMF2,83,83,83
194502198,EkE1A6ed,60,60,60
67653565,HdnAPPWp,2,2,2
245425564,Ck04rstF,75,75,75
385085857,nIlLIXhT,157,157,157
141877826,rVTUN1bB,8,8,8
197294811,XVvqHYkj,164,164,164
125538558,8X9b0XmI,63,63,63
362533860,J54nzyIn,154,154,154
169759430,CS8NhNWo,52,52,52
307862660,NCUTijp9,25,25,25
76019825,Ch3QJXLP,68,68,68
158193688,YC3Ao9xB,22,22,22
38762443,oR1MvTad,28,28,28
53397823,Cn3Q1S6D,171,171,171
145409641,tz1q4Uq5,7,7,7
60832848,fUIiEAXr,33,33,33
20761572,Z4lGsvMV,97,97,97
43608412,aW90F0gN,121,121,121
118514920,rcDqjSGQ,116,116,116
209350329,EaotS0qx,39,39,39
226149968,rKXLUP5i,83,83,83
87918325,cDvf7MNi,54,54,54
61094490,hlZBeKG8,112,112,112
70814087,ONEHFFNQ,23,23,23
127636669,O1QAOihw,10,10,10
35540413,46yOmDTy,2,2,2
44125128,00ZZxYBL,46,46,46
85374625,gviuSZYE,112,112,112
106129983,Mgdcv5qz,151,151,151
64431565,2Fr9WVju,45,45,45
96947449,1X0HppRE,17,17,17
162421437,I0kRrOzf,54,54,54
27757752,CZZaKnUB,112,112,112
77256538,Z6OHKVDL,31,31,31
19014415,oMGNrwtU,62,62,62
80913837,RgTGuGLc,25,25,25
86778968,tAmkN62I,54,54,54
92713711,WYtBMrJw,22,22,22
66963124,8D2HOsgP,109,109,109
107345609,gTAdDXrc,91,91,91
339749638,M1JsFddb,6,6,6
56704630,ZwXrA6t3,82,82,82
178877455,qDttnJG4,19,19,19
55948035,9tu3Y9EM,90,90,90
72089312,WRdcmUWK,92,92,92
123192885,V5RiAD0i,101,101,101
45551797,hqhOIvPs,75,75,75
191139085,lr3o9Isu,111,111,111
131493065,zS6qY5XK,52,52,52
162521099,u4JRI19S,40,40,40
29680640,RL1DX1hz,105,105,105
132947303,4YKwOQMj,13,13,13
29533678,8sRUC0A7,176,176,176
40871998,jBguAW9v,174,174,174
153972493,FBovwwxl,177,177,177
303283501,ZTkKyOPm,114,114,114
148889015,0T9MGGhK,70,70,70
27997540,sCV6xg8r,59,59,59
23071397,ZWVkU1yV,161,161,161
283685088,qvYTnAxg,27,27,27
226719793,R7MNIv98,31,31,31
123490747,xoac07SU,169,169,169
135004617,eliSPYRp,123,123,123
49366094,ZbeRsyea,145,145,145
45970661,S8E2YxA9,74,74,74
44489527,NS2OumT1,152,152,152
60333634,7h8eEyBl,95,95,95
59688285,C6LJCOfQ,36,36,36
132482584,cWO56UXA,135,135,135
141285712,Uvi2e2SN,168,168,168
315271681,OM12K1Qp,19,19,19
60813255,ox6nUj4Q,4,4,4
130739862,h37x7qpS,135,135,135
110101495,VZbcdjui,72,72,72
94873842,ZfF72AY6,69,69,69
67900118,NGzh9gQG,175,175,175
164023039,QwdrCrrp,8,8,8
99905361,o1HFeZET,155,155,155
40946559,uDPfaBx5,94,94,94
120581457,06ONTCY8,97,97,97
68757241,JgQe7x8u,173,173,173
41742325,3bfbvAiM,38,38,38
237421945,Uivp7rHB,64,64,64
184904606,UtlSMh44,110,110,110
191196145,cOHBkjux,19,19,19
74881606,rFx00qHW,0,0,0
107004364,9rwgjL6B,90,90,90
228592785,KGCHrsP6,81,81,81
41755724,OICqRHSH,119,119,119
166290132,VvTLu8p0,161,161,161
188084637,EB9uwdFj,51,51,51
77843524,Dy7YgCMl,99,99,99
40223473,VGcsrILi,30,30,30
325058657,u9uWlUII,76,76,76
33747513,njUhHRBa,93,93,93
63729059,de5hj5Qz,155,155,155
324695602,QcK2zccv,90,90,90
78243418,RyVj24hg,67,67,67
75350991,Tz4D2xGZ,32,32,32
288042637,xUQSalBT,94,94,94
40170262,1nICsaPI,131,131,131
36105627,MLtO82Hm,45,45,45
343756782,gEL2Ke1J,135,135,135
263627011,qXu8QbEf,88,88,88
165766058,ko9vG9S4,10,10,10
268880942,NYhPlNpf,8,8,8
59108516,SLCTjse5,117,117,117
56739873,k5f5I0EA,141,141,141
161056240,CjfAkNxb,48,48,48
364513456,onC0wEvZ,112,112,112
178436843,DZ9AakPK,122,122,122
162341178,cJX45b3J,170,170,170
239766441,sntd39a0,68,68,68
70904292,xbb3QZHQ,176,176,176
286915915,DNFX6lLU,7,7,7
311761080,x7mV5yt7,105,105,105
241862506,RhPkfIJZ,98,98,98
90124709,WhJRVVNW,2,2,2
86294299,WAOnyOZt,84,84,84
257976380,wPmE09fj,0,0,0
103349904,mIwwYiqM,96,96,96
156484545,n8oPQX7A,26,26,26
50774053,iUQRgYet,65,65,65
114749001,53iYC7e1,178,178,178
36963058,3iSH9krS,38,38,38
226642403,VvEAbdrU,103,103,103
8023282,bGeI6NyX,142,142,142
296410309,rCbO6tJX,65,65,65
253299623,6AT20VKW,102,102,102
265123271,0TyfBHmi,120,120,120
295033410,PMh4VW4X,88,88,88
361969391,ZfBbjGJR,112,112,112
90032983,CwnKUMHT,4,4,4
28676174,Mwofoydx,111,111,111
334883831,ht3Zk1H8,55,55,55
63599724,LYBWpYba,157,157,157
343910282,Efs8et4t,73,73,73
105853126,n0p7OSb5,108,108,108
44325071,gPriUTT6,111,111,111
171498304,S19MUriK,67,67,67
54798211,3z2D7aED,56,56,56
243295782,vATHX5Hi,6,6,6
231881154,etkSRtpD,67,67,67
314206913,UZwVoVES,25,25,25
176820427,U7uNZ6zZ,59,59,59
328040186,6hWCoNcq,130,130,130
102148561,FMGaIAmu,131,131,131
55303408,UIUsBu3L,119,119,119
142372602,NKAM93FH,55,55,55
26359300,Q04wNOAs,119,119,119
86822822,IYOXZ8gs,112,112,112
258448814,i2MJTaMa,145,145,145
124612524,VRAxTxzt,73,73,73
183017996,uzFtF4zF,120,120,120
20356687,issdpEb8,135,135,135
36727876,4ZGUyYQp,41,41,41
178392893,gugqUFUv,51,51,51
48607130,pCBo8uhP,66,66,66
29263979,2u1LtSDe,161,161,161
260897346,KeLgNSik,113,113,113
66806637,TXLHbdIa,35,35,35
161483651,Sq9VgMXa,93,93,93
45398474,QJzPoYm8,13,13,13
315286510,K9NXlFWo,69,69,69
208834278,gzdIbW2K,86,86,86
172767625,Qe9BCVWf,166,166,166
90496135,PW2xgRJT,102,102,102
64018253,BQHRdcqk,91,91,91
84288314,FczwapSn,111,111,111
28012447,ygHB19xa,170,170,170
76546465,fXkCPA2U,70,70,70
69113467,rUx81Rbj,121,121,121
64117228,E9Lg0IXt,172,172,172
51419556,JiBxE3tR,165,165,165
46212206,2LhRdQVf,156,156,156
137948785,Px6zim44,109,109,109
269019329,BxTHB0Qn,50,50,50
298704908,scaaJGjQ,120,120,120
44577879,b2WZPndy,0,0,0
88920345,mQgJl7QI,173,173,173
118360528,bF5J1kfS,71,71,71
252814750,3jSWTZk2,91,91,91
36627707,nOtFZpTU,34,34,34
36290584,T1lwgRm6,66,66,66
209683663,g5ePd7UN,173,173,173
28289211,xCcvkmVO,67,67,67
43704994,CXD5G5ha,113,113,113
278737842,9x5IPVrG,32,32,32
63674756,rb6gwu3E,27,27,27
42026511,F1KWrFS6,88,88,88
134538217,SYy8DfZM,139,139,139
252691193,tZ2dkrFq,84,84,84
314785310,3AYh5YkD,0,0,0
328399449,ZLPX3AoG,165,165,165
196995233,in0Jrdre,31,31,31
220726074,OuQF5AlN,75,75,75
247442305,MSYFQE6m,176,176,176
204737414,VG6GozAl,85,85,85
339687255,dBEbkZBg,150,150,150
162088238,EwzDmnDn,12,12,12
170630986,RneC8VzV,62,62,62
186295073,HoAPZ6Qb,53,53,53
30460695,mkMpLVZH,44,44,44
80232135,v6DfuCov,84,84,84
45302993,3C2BCZP2,45,45,45
224141084,oMosorgV,164,164,164
242014197,ZRCDHFud,156,156,156
303440603,5oP3PxXY,100,100,100
283982065,VE7tVu6r,45,45,45
81584289,schZvols,171,171,171
131715287,lMQniFRT,131,131,131
97804054,9aGo6Eit,2,2,2
128624418,OhqzbJ5g,59,59,59
108065971,15ae6qIu,18,18,18
89208902,yuYiGLZ0,97,97,97
93930053,Rv0aweG6,97,97,97
179139513,7GXPAKbl,2,2,2
80358707,TJQe362v,135,135,135
65782402,67buZhdC,138,138,138
227164125,K2nne5D5,79,79,79
50224520,Nmjo5IFQ,112,112,112
77206813,3VTphYUR,25,25,25
78277324,u81Iy8fj,97,97,97
111796020,ZXJQlfGm,51,51,51
180027304,YglzVn6d,155,155,155
240896181,B8kqlqTC,67,67,67
72389718,kZI2QwzG,173,173,173
268137570,8AJUfhFs,158,158,158
28148158,sRRdnpQj,158,158,158
47095511,liDq8Y1v,130,130,130
244467560,5uBKSSd4,127,127,127
57919904,EgRv4O8S,114,114,114
176458410,8xdFqW2V,101,101,101
210999753,wOlFVWPN,162,162,162
126842383,GhsSYhTc,170,170,170
153676202,CNYsGhll,172,172,172
44890317,nAHd5NfO,124,124,124
322179469,qyA5falo,66,66,66
51570582,iKmZlkjs,5,5,5
192557994,UVZXnifV,89,89,89
40517502,DNfmtlTu,140,140,140
43392430,x59yRvZ0,126,126,126
20977218,loNs2JIH,119,119,119
42529004,vr2wYEUE,47,47,47
95319128,FrgxPQQc,110,110,110
247223203,aurKc2ke,125,125,125
236563358,k5CptMGo,143,143,143
72693922,XDNvT6B3,12,12,12
134117148,c1BdpbWh,44,44,44
194338397,xge9Vdcx,162,162,162
162130536,GEmhj90l,153,153,153
169342408,brvDtVMn,79,79,79
41373022,jd7BnA6V,50,50,50
223049308,pvPj0vm6,167,167,167
274441443,YQjh89jv,148,148,148
197144349,go3MUvxV,117,117,117
51775849,xqftpi1y,13,13,13
357106778,0DjsPnOW,49,49,49
115376618,13XbqyBO,105,105,105
51610016,ev9L4UfS,125,125,125
255465742,L4qyWC3o,84,84,84
62125689,B1Z7h8bN,87,87,87
141547548,GCFjxpiR,167,167,167
162143055,ert75lTZ,63,63,63
231355194,soXduydy,34,34,34
207778756,d0MVC9Lr,44,44,44
122577404,UHJ80zqE,104,104,104
114891524,7CTdySEh,99,99,99
295469120,OH5DUACA,155,155,155
146677322,PzyqvUOo,23,23,23
249100206,4QcxFV4g,51,51,51
356600138,dB3COSNT,53,53,53
57483697,bFH3nDEb,144,144,144
41100880,aauxxQ66,59,59,59
55317102,1go42UBr,157,157,157
25282814,MCSxWMiR,46,46,46
311948916,lTyFE8zh,128,128,128
213779747,2DTXbyOS,169,169,169
332598974,cwis3Qks,111,111,111
150727972,IC53ZGKJ,101,101,101
57107757,2mqo2xtQ,105,105,105
126100069,QYW4iPjy,157,157,157
57691608,coemv1F0,27,27,27
250223218,rxigsnfc,176,176,176
123256272,bLngGUB5,7,7,7
61607693,MSqzHSd7,142,142,142
299440342,AySybDyJ,155,155,155
260135322,Ol1XuWpp,151,151,151
168922488,dArT42VS,73,73,73
27258902,H3ffUcEc,43,43,43
223780886,Qd5EPwam,82,82,82
157383111,4GYEJGoA,0,0,0
216459207,zi3DFvaJ,97,97,97
178899145,CmahsFlC,133,133,133
400264632,YbzpB4Li,37,37,37
99363525,PeEkmvsR,25,25,25
226330752,wBf96tkM,3,3,3
199071814,Mhdsq1ey,87,87,87
276418016,Bcc29yNf,166,166,166
200477466,zu9rzJXF,7,7,7
243417180,YNyOnwBl,123,123,123
79187746,RfVQrzSt,153,153,153
27178591,Mqb1Z4SE,90,90,90
77594665,HbsTwuRV,148,148,148
68318710,xldxn8ID,25,25,25
48363398,jd8RoXAF,163,163,163
164333829,Rxao957s,138,138,138
51689929,aazlKnjd,104,104,104
92994330,eeufNnEX,163,163,163
95891856,zkfkigX3,60,60,60
30800395,RlEBO9XX,97,97,97
129697455,gsJ3GHkg,47,47,47
287374301,06Hz9RDO,136,136,136
29357584,cITnaG1w,9,9,9
65852339,QeL5vMRa,175,175,175
213411256,GrYJUmLb,35,35,35
59667591,vGJ52bOK,112,112,112
219715078,WEksYF9m,79,79,79
115881556,1h8bLxnA,61,61,61
143228860,oXnT1Q0a,127,127,127
183274785,2DFLSBJX,119,119,119
324492722,hF1VjJsl,78,78,78
279357716,UPDfMb6v,66,66,66
157114711,Y6byvv2E,13,13,13
15276542,ZwK7nQwk,41,41,41
135538258,cTlGGt0i,127,127,127
72159741,LodaR9YH,114,114,114
49497310,vqnRkcf1,118,118,118
325895074,zRFpnAMy,145,145,145
265631474,iUsQAA8J,24,24,24
397226779,KL02jv8b,107,107,107
241626065,EuP6fG6r,108,108,108
353795290,kSTiQGMd,48,48,48
64328723,uFtigvle,12,12,12
103920991,CjkJtVzw,80,80,80
56258090,5nc95L7Y,36,36,36
237416290,elNe7a9X,16,16,16
214059201,JFba1yTo,25,25,25
231747134,9gOrd1Eb,102,102,102
70496634,l9QoBwHX,32,32,32
142106451,UxdI51VK,122,122,122
322143355,j2s2llTR,99,99,99
147257351,pJso8kEQ,51,51,51
69393119,DyFrKtKY,108,108,108
166168050,MMGk43R2,87,87,87
126111642,g70KqwGa,91,91,91
44158061,B32OVRMe,164,164,164
54920327,f3Vh6BFp,73,73,73
57099838,nExdOkdO,95,95,95
342723219,grBtkmWj,108,108,108
324837566,bw8T8h5B,77,77,77
21733702,zNyjeRqe,9,9,9
54570740,KNBNv3UN,50,50,50
311210039,bPStfbcw,104,104,104
159689010,w0woBWM3,14,14,14
48347286,xfgvDhE8,33,33,33
198369212,ethlokpw,0,0,0
159380886,rtQyvuLp,134,134,134
78032017,eVa8XSPW,70,70,70
313510249,CBuAkBPC,11,11,11
104989115,mANTDvku,93,93,93
169624993,i5TXogt6,24,24,24
221897751,GWTO6hlP,99,99,99
42420297,2BYgTlKD,30,30,30
102758056,Zm7SOR5Z,178,178,178
130558550,pR2xOIF9,61,61,61
21344818,lvWJTBhr,74,74,74
294171991,m1nvv5Bq,142,142,142
177574146,SuoIwW7k,31,31,31
77483940,6gW74Eib,4,4,4
24570770,gResrcRE,138,138,138
70129893,hcL4aqcA,128,128,128
261401569,FjGapOK5,100,100,100
56893266,iP2HCXmA,82,82,82
21235814,bnBueUDp,71,71,71
70644330,0gRhIVKd,153,153,153
130300025,Me4SGZ9R,126,126,126
64243930,Ym4R58t8,47,47,47
234365400,6wBzLyzT,178,178,178
243945856,AYSmmNU4,163,163,163
261865357,RmAL84ZJ,75,75,75
287721738,9Zd4g9lF,15,15,15
226143436,H2ihYLPX,51,51,51
292287048,5u7Hb7p8,94,94,94
21778760,DzFNz3fu,29,29,29
221828002,LSV8Vlqs,137,137,137
161098814,eW23uIsw,31,31,31
140802122,V3ljboiV,85,85,85
256912856,v4OlMkaT,164,164,164
114516525,EpegaTys,9,9,9
346211040,f5Igl6C0,62,62,62
24393596,mJAFg7bu,16,16,16
296917741,bodFJD51,67,67,67
60895895,CDcex2bg,108,108,108
133876910,tHhtwo7E,43,43,43
239492863,NZpava5P,128,128,128
237546859,10j8LceE,172,172,172
105746136,K5xE0GDt,176,176,176
143238314,7uBTRqZi,64,64,64
69548765,279smvs2,154,154,154
123451375,RxUaTdMq,142,142,142
109622737,8t3E5Ssp,98,98,98
227018747,A6OHmPbN,150,150,150
151758456,Psgenjp9,154,154,154
180345772,HgB1AlVj,54,54,54
34491343,CeqZ6f2D,84,84,84
42822037,XcQvplYq,68,68,68
38931130,cbs03Bea,92,92,92
326535956,avvoVx2S,57,57,57
204141349,JYGSvi55,52,52,52
35610861,VssIZM3X,124,124,124
17536057,lqjklFXb,21,21,21
176646473,hHjT8xIK,159,159,159
229592151,yZTTJYvv,179,179,179
153876298,jaL3Xyfz,169,169,169
50675705,QRcZmtQa,128,128,128
94111772,CvjTqD7q,155,155,155
